Česká glosa;Řečtina;Cvičení;LSJ
kůň;ὁ ἵππος, ου;2;ἵππος
běžím, pádím;τρέχω;2;τρέχω
dobře;εὖ;2;εὖ
přítel, druh;ὁ φίλος, ου;2;φίλος
slovo, řeč;ὁ λόγος, ου;2;λόγος
věrný, spolehlivý;πιστός 3;2;πιστός
jest;ἐστί(ν);2;ἐστί(ν)
důvěřuji;πιστεύω;2;πιστεύω
miluji, mám rád;στέργω;2;στέργω
jsou;εἰσί(ν);2;εἰσί(ν)
můj;ἐμός;2;ἐμός
je třeba;δεῖ;2;δέομαι
vychovávám;παιδεύω;2;παιδεύω
řeka;ὁ ποταμός, οῦ;3;ποταμός
překračuji;δια-βαίνω;3;διαβαίνω
tvůj;σός;3;σός
námaha, práce;ὁ πόνος, ου;3;πόνος
ne (záporka u impt. praes.);μή;3;μή
utíkám před, vyhýbám se;φεύγω (s ak.);3;φεύγω
vyhýbati se námaze;τὸν πόνον φεύγειν;3;ὁ
váš;ὑμέτερος;3;ὑμέτερος
sice - ale;μέν - δέ;3;μέν
nepřítel (osobní);ὁ ἐχθρός, οῦ;3;ἐχθρός
a, i, také;καί;3;καί
otrok, sluha;ὁ δοῦλος, δούλου;3;δοῦλος
ne (záporka u ind.);οὐ/οὐκ/οὐχ;3;οὐ/οὐκ/οὐχ
píši;γράφω;3;γράφω
vedu, přivádím;ἄγω;4;ἄγαμαι
od;ὑπό (s gen.);4;ὑπό
cvičím;γυμνάζω;4;γυμνάζω
připravuji, chystám;παρα-σκευάζω;4;παρασκευάζω
pokrm;ὁ σῖτος, σίτου;4;σῖτος
učitel;ὁ διδάσκαλος, ου;4;διδάσκαλος
nový, mladý, čerstvý;νέος 3;4;νέος
mladí (lidé), mládež;οἱ νέοι;4;νέος
nyní;νῦν;4;νῦν
nynější;ὁ νῦν;4;νῦν
člověk;ὁ ἄνθρωπος, ἀνθρώπου;4;ἄνθρωπος
podivuji se, obdivuji;θαυμάζω;4;θαυμάζω
jsem obdivován, docházím obdivu;θαυμάζομαι;4;θαυμάζω
Homér;ὁ Ὅμηρος, Ὁμήρου;4;Ὅμηρος
dítě;τὸ τέκνον, ου;5;τέκνον
dar;τὸ δῶρον, δώρου;5;δῶρον
nesu, snáším, trpím;φέρω;5;φέρω
bojuji proti;μάχομαι (s dat.);5;μάχομαι
od;ἀπό (s gen.);5;ἀπό
nepřítel (válečný);ὁ πολέμιος, ου;5;πολέμιος
krásný;καλός 3;5;καλός
nejen - ale i;οὐ μόνον - ἀλλὰ καί;5;οὐ
táhnu, pochoduji;πορεύομαι;5;πορεύω
bojuji proti nepřátelům;μάχομαι τοῖς πολεμίοις;5;μάχομαι
jho, jařmo;τὸ ζυγόν, οῦ;5;ζυγόν
náš;ἡμέτερος;5;ἡμέτερος
ale, avšak;ἀλλά;5;ἀλλά
vítězství;ἡ νίκη, ης;6;νίκη
čest, pocta;ἡ τιμή, ῆς;6;τιμή
z;ἐκ, ἐξ (s gen.);6;ἐκ
lid;ὁ δῆμος, ου;6;δῆμος
vojevůdce;ὁ στρατηγός, οῦ;6;στρατηγός
těším se, raduji se;χαίρω (s dat.);6;χαίρω
těším se z vítězství;χαίρω τῇ νίκῃ;6;χαίρω
mír;ἡ εἰρήνη, ης;6;εἰρήνη
milý, drahý, vzácný, vítaný;φίλος 3;6;φίλος
vždy, stále;ἀεί;6;ἀεί
Buď zdráv! Buď vítán!;χαῖρε!;6;χαῖρε!
píseň, zpěv;ἡ ᾠδή, ῆς;6;ἀοιδή
zpívám;ᾄδω;6;ἀείδω
měsíc (luna);ἡ σελήνη, ης;7;σελήνη
koule;ἡ σφαῖρα, ας;7;σφαῖρα
slunce;ὁ ἥλιος, ἡλίου;7;ἥλιος
svatyně;τὸ ἱερόν, οῦ;7;ἱερόν
bohyně;ἡ θεά, ᾶς;7;θεά
Athéna;ἡ Ἀθηνᾶ, ᾶς;7;Ἀθήνη
bohyně Athéna;Ἀθηνᾶ ἡ θεά;7;Ἀθήνη
Athéňané;οἱ Ἀθηναῖοι, ων;7;Ἀθηναῖος
země;ἡ χώρα, ας;7;χώρα
o;περί (s gen.);7;περί
boj, bitva;ἡ μάχη, ης;7;μάχη
chráním, ochraňuji;σῴζω;7;σώζω
příbytek;ἡ οἰκία, ας;7;οἰκία
mužný, statečný, smělý;ἀνδρεῖος 3;8;ἀνδρεῖος
vojsko;ἡ στρατιά, ᾶς;8;στρατία
drahocenný, vzácný, vážený;τίμιος 3;8;τίμιος
je ctěn, je vážen, je ve vážnosti;τίμιός ἐστιν;8;τίμιος
byl;ἦν;8;εἰμί
byli;ἦσαν;8;εἰμί
smrt;ὁ θάνατος, ου;8;θάνατος
veliký, dlouhý;μακρός 3;8;μακρός
spánek;ὁ ὕπνος, ου;8;ὕπνος
jmenuji, nazývám;ὀνομάζω;8;ὀνομάζω
útěk;ἡ φυγή, ῆς;8;φυγή
počátek, vláda, úřad, říše;ἡ ἀρχή, ῆς;8;ἀρχή
svoboda;ἡ ἐλευθερία, ᾶς;8;ἐλευθερία
moudrý;σοφός 3;8;σοφός
Héra;ἡ Ἥρα, ας;8;Ἥρα
dobrý;ἀγαθός 3;8;ἀγαθός
zlý, špatný;κακός 3;9;κακός
jazyk, nářečí, řeč;ἡ γλῶττα, ης;9;γλῶσσα
často;πολλάκις;9;πολλάκις
hrozný, strašný;δεινός 3;9;δεινός
říkám, mluvím;λέγω;9;λέγος
krásně, správně;καλῶς;9;καλός
buď!;ἴσθι!;9;ἴσθι!
mírný, skromný;μέτριος 3;9;μέτριος
spravedlivý;δίκαιος 3;9;δίκαιος
jestliže, -li;εἰ;9;εἰ
že;ὅτι;9;ὅστις
skvělý;λαμπρός 3;9;λαμπρός
sláva;ἡ δόξα, ης;9;δόξα
moře;ἡ θάλαττα, ης;9;θάλασσα
nebezpečí;ὁ κίνδυνος, ου;9;κίνδυνος
nebezpečí na moři;τῆς θαλάττης κίνδυνος;9;ὁ
mladík;ὁ νεανίας, ου;10;νεανίης
Atreovec;ὁ Ἀτρείδης, ου;10;Ἀτρείδης
básník;ὁ ποιητής, οῦ;10;ποιητής
slepý;τυφλός 3;10;τυφλός
smrtelný, pomíjející;θνητός 3;10;θνητός
cesta;ἡ ὁδός, οῦ;10;ὁδός
snadný, lehký;ῥᾴδιος 3;10;ῥᾴδιος
přímý, správný;ὀρθός 3;10;ὀρθός
malý, krátký;μικρός 3;10;μικρός
Egypt;ἡ Αἴγυπτος, ου;10;Αἴγυπτος
bohatý;πλούσιος 3;10;πλούσιος
oliva;ἡ ἐλαία, ας;11;ἐλαία
věnec;ὁ στέφανος, ου;11;στέφανος
olivový věnec;ἐλαίας στεφάνος;11;ἐλαία
po;μετά (s ak.);11;μετά
u, v;ἐν (s dat.);11;(s
Thermopyly;αἱ Θερμοπύλαι, ῶν;11;Θερμοπύλαι
k, pro, vzhledem k;πρός (s ak.);11;πρός
Xerxés;ὁ Ξέρξης, ου;11;Ξέρξης
Arkádie;ἡ Ἀρκαδία, ας;11;Ἀρκαδία
Peršané;οἱ Πέρσαι, ῶν;11;Πέρσης
Peršan;ὁ Πέρσης, ου;11;Πέρσευς
olympijské hry;τὰ Ὀλύμπια, ων;11;Ὀλύμπια
konati olympijské hry;Ὀλύμπια ἄγειν;11;Ὀλύμπια
před;πρό (s gen.);12;πρό
čin, dílo, úkol;τὸ ἔργον, ου;12;ἔργνυμι
radím se;βουλεύομαι;12;βουλεύω
potom;ἔπειτα;12;ἔπειτα
konám, jednám;πράττω;12;πράσσω
nikdy;οὔποτε;12;οὔποτε
nikdy (při zákazu);μήποτε;12;μήποτε
chci, hodlám, váhám;μέλλω;12;μέλλω
neschůdný;ἄβατος 2;12;ἄβατος
cizí, barbarský, nevzdělaný;βάρβαρος 2;12;βάρβαρος
rozumný;φρόνιμος 2;12;φρόνιμος
zkušený, znalý;ἔμπειρος 2;12;ἔμπειρος
pevný;βέβαιος 3, 2;12;βέβαιος
nůž, meč;ἡ μάχαιρα, ας;12;μάχαιρα
mám;ἔχω;12;ἔχω
silný, mocný;ἰσχυρός 3;12;ἰσχυρός
kéž;εἴθε;13;εἴθε
rád;ἄσμενος 3;13;ἄσμενος
podstupuji;ὑπο-μένω;13;ὑπομένω
občan;ὁ πολίτης, ου;13;πολίτης
zákon;ὁ νόμος, ου;13;νόμος
střežím, hlídám;φυλάττω;13;φυλάσσω
odvracím;ἀπο-τρέπω;13;ἀποτρέπω
válka, boj;ὁ πόλεμος, ου;13;πόλεμος
soudím;κρίνω;13;κρίνον
stávám se, vznikám;γίγνομαι;13;γίγνομαι
Pýthie;ἡ Πυθία, ας;13;Πύθιος
Kroisos;ὁ Κροῖσος, ου;13;Κροῖσος
věštím;μαντεύομαι;13;μαντεύομαι
ruším, ničím;κατα-λύω;13;καταλύω
obtížný, nesnadný;χαλεπός 3;14;χαλεπός
čas;ὁ χρόνος, ου;14;χρόνος
zbavuji se;ἀπο-λύομαι (s gen.);14;ἀπολύω
pomluva;ἡ διαβολή, ῆς;14;διαβολή
vybízím;παρα-κελεύομαι (s dat.);14;παρακελεύομαι
voják;ὁ στρατιώτης, ου;14;στρατιώτης
radím;συμ-βουλεύω (s dat.);14;συμβουλεύω
bratr;ὁ ἀδελφός, οῦ;14;ἀδελφός
považuji, domnívám se;νομίζω;14;νομίζω
zakazuji;ἀπ-αγορεύω;14;ἀπαγορεύω
zabíjím;φονεύω;14;φονεύω
Sparťané;οἱ Σπαρτιᾶται, ῶν;14;Σπαρτιάτης
přemlouvám;πείθω (s dat.);14;πείθω
poslouchám, věřím, nechávám se přemluvit;πείθομαι (s dat.);14;πείθω
učím se něčemu;μανθάνω (s ak.);14;μανθάνω
vládnu;ἄρχω;14;ἄρχω
dobrý, statečný v boji;ἀγαθὸς μάχεσθαι;14;ἀγαθός
staří, dávní;οἱ παλαιοί, ῶν;14;παλαιός
svěřuji;ἐπι-τρέπω;14;ἐπιτρέπω
škodím;βλάπτω;15;βλάπτω
domnívám se;ὑπο-λαμβάνω;15;ὑπολαμβάνω
okolo;περί (s ak.);15;περί
otáčím, překrucuji;στρέφω;15;στρέφω
posel;ὁ ἄγγελος, ου;15;ἄγγελος
oznamuji, zvěstuji;ἀγγέλλω;15;ἀγγέλλω
přicházím, blížím se;προσ-έρχομαι;15;προσέρχομαι
spojenec;ὁ σύμμαχος, ου;15;σύμμαχος
pomáhám;συμ-πράττω (s dat.);15;συμπράσσω
více - než;μᾶλλον - ἤ;15;μᾶλλον
železo;ὁ σίδηρος, ου;15;σίδηρος
strážce;ὁ φύλαξ, κος;16;φύλαξ
barbar, cizinec, Neřek;ὁ βάρβαρος, ου;16;βάρβαρος
šik;ἡ φάλαγξ, γος;16;φάλαγξ
pochlebník;ὁ κόλαξ, κος;16;κόλαξ
sup;ὁ γύψ, γυπός;16;γύψ
vlas;ἡ θρίξ, τριχός;16;θρίξ
vládnu někomu, nad;ἄρχω;16;ἄρχω
opouštím;ἀπο-λείπω;16;ἀπολιμπάνω
ani;οὐδέ;16;οὐδέ
první;πρῶτος 3;16;πρότερος
řadím;τάττω;16;τάσσω
žena;ἡ γυνή, γυναικός;16;γυνή
mlčení;ἡ σιγή, ῆς;16;σιγή
ozdoba;ὁ κόσμος, ου;16;κόσμος
pronásleduji;διώκω;16;διώκω
lehkooděnec;ὁ γυμνής, ῆτος;17;γυμνής
duše;ἡ ψυχή, ῆς;17;ψυχή
naděje;ἡ ἐλπίς, ίδος;17;ἐλπίς
živím, vydržuji, vychovávám;τρέφω;17;τρέφω
tělo;τὸ σῶμα, ατος;17;σῶμα
štít;ἡ ἀσπίς, ίδος;17;ἀσπίς
vlast;ἡ πατρίς, ίδος;17;πατρίς
báseň;τὸ ποίημα, ατος;17;ποίημα
slyším, poslouchám;ἀκούω;17;ἀκούω
skutek, čin, věc;τὸ πρᾶγμα, ατος;17;πρᾶγμα
obtížné poměry, obtížné postavení;τὰ χαλεπὰ πράγματα;17;χαλεπός
chlapec (dívka);ὁ (ἡ) παῖς, παιδός;18;(ἡ)
noha;ὁ πούς, ποδός;18;πούς
kráčím, jdu;βαίνω;18;βαίνω
ucho;τὸ οὖς, ὠτός;18;οὖς
noc;ἡ νύξ, νυκτός;18;νύξ
v noci;νυκτός (gen. času);18;νύξ
mléko;τὸ γάλα, ακτος;18;γάλα
Artemis;ἡ Ἄρτεμις, ιδος;18;Ἄρτεμις
přilba;ἡ κόρυς, θος;18;κόρυς
kopí, dřevce;τὸ δόρυ, δόρατος;18;δόρυ
vděk;ἡ χάρις, χάριτος;18;χάρις
svár;ἡ ἔρις, ἔριδος;18;ἔρις
plodím, rodím;τίκτω;18;τίκτω
pták;ὁ (ἡ) ὄρνις, ὄρνιθος;18;(ἡ)
voda;τὸ ὕδωρ, ὕδατος;18;ὕδωρ
piji;πίνω;18;πίνος
stařec;ὁ γέρων, οντος;19;γέρων
obr;ὁ γίγας, αντος;19;γίγας
Gigant;ὁ Γίγας, αντος;19;Γίγας
bůh;ὁ θεός, οῦ;19;θεός
přísloví;ἡ παροιμία, ας;19;παροιμία
rada;ἡ βουλή, ῆς;19;βουλή
lev;ὁ λέων, οντος;19;λέων
zub;ὁ ὀδούς, όντος;19;ὀδούς
všechen, celý, každý;πᾶς, πᾶσα, πᾶν;19;πᾶς
je povinností ženy;τῆς γυναικός ἐστιν;19;ὁ
dobro;τὸ ἀγαθόν, οῦ;19;ἀγαθός
vinný, původce, příčina;αἴτιος 3;19;αἴτιος
užitečný, prospěšný;χρήσιμος 3, 2;19;χρήσιμος
učím někoho;διδάσκω (s ak.);20;διδάσκω
poklad;ὁ θησαυρός, οῦ;20;θησαυρός
Alexandros;ὁ Ἀλέξανδρος, ου;20;Ἀλέξανδρος
táhnu, podnikám výpravu;στρατεύομαι;20;στρατεύω
proti;ἐπί (s ak.);20;ἐπί
Řecko;ἡ Ἑλλάς, άδος;20;Ἑλλάς
Miltiadés;ὁ Μιλτιάδης, ου;20;Μιλτιάδης
již;ἤδη;20;ἤδη
ještě;ἔτι;20;ἔτι
mlčím, zachovávám mlčení;σιγὴν ἔχω;20;σιγή
sůl;ὁ ἅλς, ἁλός;21;ἅλς
život;ὁ βίος, ου;21;βίος
nutný;ἀναγκαῖος 3;21;ἀναγκαῖος
někteří;ἔνιοι 3;21;ἔνιοι
zvíře;ὁ θήρ, θηρός;21;θήρ
řečník;ὁ ῥήτωρ, ορος;21;ῥήτωρ
jaro;τὸ ἦρ, ἦρος;21;ἔαρ
svědek;ὁ μάρτυς, υρος;21;μάρτυς
přivádím;προσ-άγω;21;προσάγω
do;εἰς (s ak.);21;εἰς
opouštím, zanechávám;κατα-λείπω;21;καταλιμπάνω
obracím se;τρέπομαι;21;τρέπω
kam?;ποῖ;21;ποι
otec;ὁ πατήρ, πατρός;22;πατήρ
sláva;ἡ εὔκλεια, ας;22;εὔκλεια
jsem vděčen, chovám vděčnost;χάριν ἔχω;22;χάρις
matka;ἡ μήτηρ, μητρός;22;μήτηρ
Persefoné;ἡ Περσεφόνη, ης;22;Φερσέφασσα
Démétér;ἡ Δημήτηρ, τρος;22;Δημήτηρ
dcera;ἡ θυγάτηρ, τρός;22;θυγάτηρ
ruka;ἡ χείρ, ρός;22;χείρ
myji;νίζω;22;νίζω
žaludek;ἡ γαστήρ, τρός;22;γαστήρ
otročím, sloužím;δουλεύω;22;δουλεύω
muž;ὁ ἀνήρ, δρός;22;ἀνήρ
kdysi, jednou;ποτέ;22;ποτέ
zdrženlivost, střídmost;ἡ ἐγκράτεια, ας;23;ἐγκράτεια
když;ὅτε;23;ὅστε
s, se;σύν (s dat.);23;σύν
skrze;διά (s gen.);23;διά
bez vody;ἄνυδρος 2;23;ἄνυδρος
tísním, soužím;πιέζω;23;πιέζω
žízeň;ἡ δίψα, ης;23;δίψα
tu tedy;ἔνθα δή;23;ἔνθα
plný;μεστός 3;23;μεστός
přináším;προσ-φέρω;23;προσφέρω
ten pak, a on;ὁ δέ;23;δέ
beru, přijímám, dostávám;λαμβάνω;23;λαμβάνω
jediný, samotný;μόνος 3;23;μόνος
okouším, prožívám;ἀπο-λαύω (s gen.);23;ἀπολαύω
chci;βούλομαι;23;βούλομαι
obracím, převracím;ἀνα-τρέπω;23;ἀνατρέπω
poznávám;γιγνώσκω;23;γιγνώσκω
ani - ani;οὔτε - οὔτε;23;οὔτε
poroučím, vybízím;κελεύω;23;κελεύω
znepokojuji, děsím;ταράττω;23;ταράσσω
tak;οὕτω(ς);23;οὕτω(ς)
horlivý, snaživý;σπουδαῖος 3;24;σπουδαῖος
pracuji;ἐργάζομαι;24;ἐργάζομαι
co (u superlativu);ὡς, ὅτι;24;ὡς
tento;ὅδε;24;ὅδε
ten;οὗτος;24;οὗτος
onen;ἐκεινος;24;ἐκεινος
chvála;ὁ ἔπαινος, ου;24;ἔπαινος
hodný (něčeho);ἄξιος 3;24;ἄξιος
a ne;μηδέ;24;μηδέ
lék;τὸ φάρμακον, ου;24;φάρμακον
prospěšný;ὠφέλιμος 2, 3;24;ὠφέλιμος
chci;ἐθέλω;24;ἐθέλω
sám;αὐτός;24;αὐτός
týž;ὁ αὐτός;24;αὐτός
jiný;ἄλλος;24;ἄλλος
ostatní;οἱ ἄλλοι;24;ἄλλος
tak veliký (v pl. tolik);τοσόσδε;24;τοσόσδε
jak veliký (v pl. kolik);ὅσος;24;ὅσος
hrozný, strašný;φοβερός 3;24;φοβερός
každý;ἕκαστος 3;24;ἕκαστος
moudrost;ἡ σοφία, ας;24;σοφία
statek;τὸ κτῆμα, ατος;24;κτῆμα
oko;ὁ ὀφθαλμός, οῦ;24;ὀφθαλμός
nespolehlivý;ἄπιστος 2;24;ἄπιστος
nestřídmost;ἡ ἀκράτεια, ας;24;ἀκράτεια
škodlivý;βλαβερός 3;24;βλαβερός
než;ἤ;24;ἤ
rád;ἑκών 3;24;ἑκών
strojím úklady;ἐπι-βουλεύω;24;ἐπιβουλεύω
rozkoš;ἡ ἡδονή, ῆς;24;ἡδονά
Kýros;ὁ Κῦρος, ου;24;Κῦρος
místo, proti;ἀντί (s gen.);24;ἀντί
kraluji, vládnu;βασιλεύω (s gen.);24;βασιλεύω
jméno;τὸ ὄνομα, ατος;24;ὄνομα
předkové;οἱ πρό-γονοι, ων;24;πρόγονος
strach;ὁ φόβος, ου;24;φόβος
naháním strach;ἐμ-βάλλω φόβον;24;ἐμβάλλω
způsob;ὁ τρόπος, ου;24;τρόπος
jiným způsobem;ἄλλον τρόπον;24;ἄλλος
já;ἐγώ;25;ἐγώ
ty;σύ;25;σύ
my;ἡμεῖς;25;ἐγώ
vy;ὑμεῖς;25;σύ
s;μετά (s gen.);25;μετά
starám se, pečuji;ἐπι-μέλομαι;25;ἐπιμελέομαι
příliš;ἄγαν;25;ἄγαν
neboť, totiž;γάρ;25;γάρ
viklám, přivádím do záhuby;σφάλλω;25;σφάλλω
sebe vespolek, navzájem;ἀλλήλων;25;ἀλλήλων
včela;ἡ μέλιττα, ης;25;μέλισσα
občas;ἐνίοτε;25;ἐνίοτε
bodec, žihadlo;τὸ κέντρον, ου;25;κέντρον
zraňuji;τιτρώσκω;25;τιτρώσκω
trpký;πικρός 3;25;πικρός
za;ὑπέρ (s gen.);25;ὑπέρ
za vlast;ὑπὲρ τῆς πατρίδος;25;ὑπέρ
Řek, Hellén;ὁ Ἕλλην, ηνος;26;Ἕλλη
louka;ὁ λειμών, ῶνος;26;λειμών
pastýř;ὁ ποιμήν, ένος;26;ποιμήν
soused;ὁ γείτων, γείτονος;26;γείτων
pes;ὁ, ἡ κύων, κυνός;26;κύω
Apollón;ὁ Ἀπόλλων, ωνος;26;Ἀπόλλων
blažený;εὐ-δαίμων, εὔ-δαιμον;26;εὐδαίμων
ubohý;τάλας 3;26;τάλας
zima;ὁ χειμών, ῶνος;26;χειμών
v zimě;χειμῶνος;26;χειμών
sníh;ἡ χιών, χιόνος;26;χιών
Agamemnón;ὁ Ἀγαμέμνων, ονος;26;Ἀγαμέμνων
lid;ὁ λαός, οῦ;26;λαός
Xenofón;ὁ Ξενοφῶν, ῶντος;26;Ξενοφῶν
rozumný;σώ-φρων, σῶ-φρον;26;σώφρων
vůdce;ὁ ἡγεμών, όνος;26;ἡγεμών
stádo;ἡ ἀγέλη, ης;26;ἀγέλη
zápas;ὁ ἀγών, ῶνος;26;ἀγών
černý;μέλας, μέλαινα, μέλαν;26;μέλας
Hádes;ὁ Ἅιδης, ου;26;Ἅ|δης
konec, smrt;ἡ τελευτή, ῆς;26;τελευτή
rozkazuji (někomu);κελεύω (s ak.);27;κελεύω
Dareios;ὁ Δαρεῖος, ου;27;Δαρεῖος
Kambýsés;ὁ Καμβύσης, ου;27;Καμβύσης
Antigoné;ἡ Ἀντιγόνη, ης;27;Ἀντιγόνη
mrtvý;νεκρός 3;27;νεκρός
tajně;κρύφα;27;κρύφα
pohřbívám;θάπτω;27;θάπτω
pravda;ἡ ἀλήθεια, ας;27;ἀλήθεια
ani - ani;μήτε - μήτε;27;μήτε
kryji, tajím, zakrývám;κρύπτω;27;κρύπτης
mluvím pravdu;ἀληθεύω;27;ἀληθεύω
Sýrie;ἡ Συρία, ας;27;Σύριος
obora, sad;ὁ παράδεισος, ου;27;παράδεισος
vysekávám, kácím;ἐκ-κόπτω;27;ἐκκόπτης
kdo, který?;τίς;28;τίς
co, které?;τί;28;τίς
nejvíce, nejspíše;μάλιστα;28;μάλιστα
pro, kvůli;ἕνεκα (s gen.);28;ἕνεκα
proč?;τίνος ἕνεκα;28;τίς
nauka, věda;τὸ μάθημα, ατος;28;μάθημα
řecký, hellénský;Ἑλληνικός 3;28;Ἑλληνικός
hlasatel;ὁ κῆρυξ, υκος;28;κῆρυξ
mluvím (ve shromáždění), řečním;ἀγορεύω;28;ἀγορεύω
oběť;ἡ θυσία, ας;28;θυσία
modlím se, slibuji;εὔχομαι;28;εὔχομαι
Marathón;ὁ Μαραθών, ῶνος;28;Μαραθών
pozdní poznání, lítost;ἡ μετά-νοια, ας;28;μετάνοια
podrobuji si;κατα-στρέφομαι;28;καταστρέφω
sbírám, shromažďuji, svolávám;συλ-λέγω;28;συλλέγω
klamu;ψεύδω;28;ψεύδω
lžu;ψεύδομαι;28;ψεύδω
obesílám, povolávám si k sobě;μετα-πέμπομαι;28;μεταπέμπω
ozbrojuji;ὁπλίζω;28;ὁπλίζω
závodím, zápasím;ἀγωνίζομαι (πρός s ak.);28;ἀγωνίζομαι
miluji, mám rád;φιλῶ, φιλεῖν;29;φιλέω
činím, dělám;ποιῶ, ποιεῖν;29;ποιέω
kde;ὅπου;29;ὅπου
prospívám;ὠφελῶ, εῖν (s ak.);29;ὠφελέω
přiznávám;ὁμο-λογῶ, εῖν;29;ὁμολογέω
křivdím;ἀ-δικῶ, εῖν (s ak.);29;ἀδικέω
zrádce;ὁ προ-δότης, -δότου;29;προδότης
nenávidím;μισῶ, εῖν;29;μισέω
kormidelník;ὁ κυβερνήτης, -νήτου;29;κυβερνήτης
ztroskotávám;ναυ-αγῶ, εῖν;29;ναυαγέω
jsem nešťasten, mám nezdar;ἀ-τυχῶ, εῖν;29;ἀτυχέω
jsem nešťasten, mám nezdar;δυσ-τυχῶ, εῖν;29;δυστυχέω
jsem šťasten;εὐ-τυχῶ, εῖν;29;εὐτυχέω
pomáhám;βοηθῶ, εῖν (s dat.);29;βοάω
pro;διά (předl. s ak.);29;διά
příčina, důvod;ἡ αἰτία, ας;29;αἴτιος
válčím s...;πολεμῶ, εῖν (s. dat.);29;πολεμέω
starám se, pečuji, dbám;ἐπι-μελοῦμαι, εῖσθαι;30;ἐπιμελέομαι
jsem nemocen;νοσῶ, εῖν;30;νοσάζω
Lakedaimoňané;οἱ Λακεδαιμόνιοι;30;Λακεδαιμόνιος
zdobím;κοσμῶ, εῖν;30;κοσμέω
hlava;ἡ κεφαλή, ῆς;30;κεφαλή
druh, přítel;ὁ ἑταῖρος, ου;30;ἑταῖρος
trpím (snáším) křivdu;ἀ-δικοῦμαι, εῖσθαι;30;ἀδικέω
trestám, mstím se;τιμωροῦμαι, εῖσθαι (s ak.);30;τιμωρέω
napodobuji;μιμοῦμαι, εῖσθαι (s gen.);30;μιμέομαι
vznešený, úctyhodný;σεμνός 3;30;σεμνός
ošklivý, hanebný;αἰσχρός 3;30;αἰσχρός
mrav, povaha;ὁ τρόπος, ου;30;τρόπος
špatný, zlý, podlý;πονηρός 3;30;πονηρός
šlechetný, řádný, statný;ἐσθλός 3;30;ἐσθλός
hájím se, bráním se;ἀπο-λογοῦμαι, εῖσθαι;30;ἀπολογέομαι
velmi, velice;μάλα;30;μάλα
bojím se;φοβοῦμαι, εῖσθαι;30;φοβέω
zmocňuji se;κρατῶ, εῖν (s gen.);30;κρατέω
žák;ὁ μαθητής, οῦ;30;μαθητής
pokládám, uznávám, domnívám se, mám za to;ἡγοῦμαι, εῖσθαι (s dvojím ak.);30;ἡγέομαι
sluším;πρέτω;30;πρέτω
stud;ἡ αἰσχύνη, ης;30;αἰσχύνη
spravedlnost;ἡ δικαιοσύνη, ης;30;δικαιοσύνη
rozumnost;ἡ σωφροσύνη, ης;30;σωφρόσυνος
zisk;τὸ κέρδος, κέρδους;31;κέρδος
trest;ἡ ζημία, ας;31;ζημία
jako;ὡς;31;ὡς
zeď, hradba;τὸ τεῖχος, τείχους;31;τεῖχος
meč;τὸ ξίφος, ους;31;ξίφος
hubím, ničím;φθείρω;31;φθείρω
lež;τὸ ψεῦδος, ψεύδους;31;ψεῦδος
když, kdy;ὅτε;31;ὅστε
rod, pokolení;τὸ γένος, ους;31;γένος
radím;βουλεύω;31;βουλεύω
hora, pohoří;τὸ ὄρος, ους;31;ὄρος
těžkooděnec;ὁ ὁπλίτης, ου;31;ὁπλίτης
přilba;τὸ κράνος, ους;31;κράνος
krunýř;ὁ θώραξ, ακος;31;θώραξ
holeň, holínka, chránítko na holeň;ἡ κνημίς, ῖδος;31;κνημίς
Antalkidas, Sparťan;ὁ Ἀνταλκίδας, ου;31;Ἀνταλκίδης
Sparta, město v Lakónice;ἡ Σπάρτη, ης;31;Σπάρτη
utrpení, bolest, choroba, vzrušení;τὸ πάθος, ους;31;πάθος
zvyk, obyčej, mrav;τὸ ἦθος, ἥθους;31;ἦθος
užitečný, hodný, řádný, poctivý;χρηστός 3;31;χρηστός
společnost, styk, obcování, přátelství;ἡ ὁμιλία, ας;31;ὁμιλία
Héraklés;ὁ Ἡρακλῆς, κλέους;32;Ἡρακλέης
známý;γνώριμος 3,2;32;γνώριμος
slavný;εὐ-κλεής, ές;32;εὐκλεής
nepřátelský, nepříznivý;ἐχθρός 3;32;ἐχθρός
jak (při zvolání);ὡς;32;ὡς
nešťastný;δυσ-τυχής 2;32;δυστυχής
Démosthenés;ὁ Δημοσθένης, σθένους;32;Δημοσθένης
Themistoklés;ὁ Θεμιστοκλῆς, κλέους;32;Θεμιστοκλέης
Filippos;ὁ Φίλιππος, ου;32;Φίλιππος
úklad;ἡ ἐπι-βουλή, ῆς;32;ἐπιβουλή
jasný, zřejmý, zřetelný;σαφής, σαφές;32;σαφής
Periklés;ὁ Περικλῆς, κλέους;32;Περικλέης
hrom, blesk;ὁ κεραυνός, οῦ;32;κεραυνός
na (na otázku kde?);ἐπί (s dat.);32;ἐπί
Sókratés;ὁ Σωκράτης, ους;32;Σωκράτης
šťastný;εὐ-τυχής, ές;32;εὐτυχής
příbuzný;συγ-γενής, ές;32;συγγενής
lživý;ψευδής, ές;32;ψευδής
mající moc (v rukou), zdrženlivý, střídmý;ἐγ-κρατής, ές;32;ἐγκρατής
zdravý;ὑγιής, ές;32;ὑγιής
nemírný, nestřídmý;ἀ-κρατής, ές;32;ἀκρατής
urozený, ušlechtivý;εὐ-γενής, ές;32;εὐγενής
neštěstí, nehoda;ἡ ἀ-τυχία, ας;32;ἀτυχία
trestám;ζημιῶ, οῦν;33;ζημιάζω
najímám, pronajímám;μισθῶ, οῦν;33;μισθός
žoldnéř, námezdný voják;ὁ ξένος, ου;33;ξένος
horlivě následuji, horlivě napodobuji;ζηλῶ, οῦν;33;ζηλέω
dobromyslný, nakloněný, oddaný;εὔ-νους, εὔ-νουν;33;εὔνους
zlomyslný, protivný, zlo zamýšlející;κακό-νους, κακό-νουν;33;κακόνους
zloděj;ὁ κλέπτης, ου;33;κλέπτης
rozum;ὁ νοῦς, νοῦ;33;νόος
plavba;ὁ πλοῦς, πλοῦ;33;πλόος
mám v úmyslu;ἐν νῷ μοί ἐστι;33;ἐγώ
věnuji pozornost, pozorně si všímám;προσ-έχω νοῦν (s dat.);33;προσέχω
společný, obecný;κοινός 3;33;κοινός
Foiníčané;οἱ Φοίνικες, νίκων;33;Φοῖνιξ
slabý;ἀ-σθενής, ές;33;ἀσθενής
kost;τὸ ὀστοῦν, ὀστοῦ;33;ὀστέον
Hermés;ὁ Ἑρμῆς, οῦ;34;Ἑρμῆς
hermovky;οἱ Ἑρμαῖ, ῶν;34;Ἑρμῆς
olympský;Ὀλύμπιος 3;34;Ὀλύμπιος
slavný, proslulý;ἔν-δοξος 2;34;ἔνδοξος
obětuji;θύω;34;θύον
vítězím, pomáhám;νικῶ, ᾶν;34;νικάω
ctím;τιμῶ, ᾶν;34;τιμάω
rád vidím, miluji, mám rád, vážím si;ἀγαπῶ, ᾶν;34;ἀγαπάω
prokazuji dobrodiní;εὐ-εργετῶ, εῖν (s ak.);34;εὐεργετέω
odvažuji se;τολμῶ, ᾶν;34;τολμάω
odvažuji se všeho;τολμῶ πάντα;34;τολμάω
Evropa;ἡ Εὐρώπη, ης;34;Εὐρώπη
země;ἡ γῆ, γῆς;34;Γαῖα
po;κατά (s ak.);34;κατά
po zemi, po souši;κατὰ γῆν;34;καγῆν
nesčíslný, nesmírný;ἀν-άριθμος 2;34;ἀνάριθμος
vojsko;τὸ στράτευμα, ατος;34;στράτευμα
vytýkám (někomu něco);ἐπι-τιμῶ, ᾶν (s dat. osoby a ak. věci);34;ἐπιτιμάω
Athény;αἱ Ἀθῆναι, ῶν;34;Ἀθήνη
končím;τελευτῶ, ᾶν;34;τελευτάω
končím život, umírám, dokonávám;τελευτῶ τὸν βίον;34;τελευτάω
táži se;ἐρωτῶ, ᾶν;34;ἐρωτάω
někdo, něco;τις, τι;34;τις
nejasný, neurčitý;ἀ-σαφής, ές;34;ἀσαφής
tržiště, náměstí;ἡ ἀγορά, ᾶς;34;ἀγορά
stavím;ἱδρύω;34;ἱδρύω
nemoc;ἡ νόσος, ου;35;νόσος
léčím;ἰῶμαι, ἰᾶσθαι;35;ἰάομαι
hněv;ἡ ὀργή, ῆς;35;ὀργή
hraji si jen, dělám marné věci, tlachám;φλυαρῶ, εῖν;35;φλυαρέω
zvíře;τὸ θηρίον, ου;35;θηράω
lovím;θηρῶ, ᾶν;35;θηράω
jevím, zdám se;φαίνομαι;35;φαίνω
dříve než;πρίν;35;πρίν
dívám se, přehlížím;θεῶμαι, θεᾶσθαι;35;θεάομαι
Delfy;οἱ Δελφοί, ῶν;35;Δελφοί
zlatý;χρυσοῦς, χρυσῆ, χρυσοῦν;35;χρύσεος
stříbrný;ἀργυροῦς, ἀργυρᾶ, ἀργυροῦν;35;ἀργύρεος
měsidlo, nádoba;ὁ κρατήρ, ῆρος;35;κρατήρ
kovový, měděný;χαλκοῦς, χαλκῆ, χαλκοῦν;35;χάλκεος
u;πρός (s dat.);35;πρός
železný;σιδηροῦς, σιδηρᾶ, σιδηροῦν;35;σιδήρεος
zbraň;τὸ ὅπλον, ου;35;ὅπλον
nacházím;εὑρίσκω;35;εὑρίσκω
nerozum, pošetilost;ἡ ἄ-νοια, ἀνοίας;35;ἄνοια
dvojitý, dvojnásobný;δι-πλοῦς, διπλῆ, διπλοῦν;35;διπλόος
trojitý, trojnásobný;τρι-πλοῦς, τριπλῆ, τριπλοῦν;35;τριπλόος
nařízení, peníz, peníze;τὸ νόμισμα, ατος;35;νόμισμα
jednoduchý;ἁ-πλοῦς, ἁπλῆ, ἁπλοῦν;35;ἁπλόος
řeč;τὸ ἔπος, ἔπους;35;ἔπος
život, způsob života, živobytí, strava;ἡ δίαιτα, διαίτης;35;δίαιτα
lékař;ὁ ἰατρός, οῦ;35;ἰατρός
kdykoliv;ὅταν (= ὅτε + ἄν);35;ὅταν
Midas;ὁ Μίδας, ου;36;Μίδας
Frýg;ὁ Φρύξ, Φρυγός;36;Φρύξ
Seilénos;ὁ Σειληνός, οῦ;36;Σειληνός
pěstoun, vychovatel;ὁ τρόφος, ου;36;τρόφος
Dionýsos;ὁ Διόνῦσος, ου;36;Διόνυσος
přijímám;δέχομαι;36;δέχομαι
zavděčuji se (někomu něčím);χαρίζομαι (τινί τι);36;χαρίζομαι
přeměňuji;μετα-μορφῶ, οῦν;36;μεταμορφόω
přání;τό εὖχος, εὖχους;36;ὁ
přeji si, modlím se;εὔχομαι;36;εὔχομαι
nejprve;πρῶτον;36;πρότερος
dotýkám se (něčeho);ἅπτομαι (τινός);36;ἅπτω
víno;ὁ οἴνος, οἴνου;36;οἴνος
tu, tehdy, tam;ἐνταῦθα;36;ἐνταῦθα
hlad;ὁ λιμός, οῦ;36;λιμός
trápím, trýzním, mučím;ἀνιῶ, ᾶν;36;ἀνιάομαι
nešťastný;ἀ-τυχής, ές 2;36;ἀτυχής
volám, křičím;βοῶ, βοᾶν;36;βόειος
zbavuji, zprošťuji (někoho něčeho);ἀπ-αλλάττω (τινά τινος);36;ἀπαλλάσσω
město, stát;ἡ πόλις, εως;37;πόλις
demokratický;δημοτικός 3;37;δημοτικός
posílám;πέμπω;37;πέμπω
bydlím;οἰκῶ, εῖν;37;οἰκέω
Erinýe;ἡ Ἐρινύς, ύος;37;Ἐρινύς
pohled, zrak;ἡ ὄψις, εως;37;ὄψις
čistý, bez viny;καθαρός 3;37;καθαρός
posuzuji (podle);κρίνω (ἐκ);37;κρίνον
skutek, jednání;ἡ πρᾶξις, εως;37;πρᾶξις
bohatství;ὁ πλοῦτος, ου;37;πλοῦτος
zpupnost;ἡ ὕβρις, εως;37;ὕβρις
rozbroj;ἡ στάσις, εως;37;στάσις
marně;μάτην;37;μάτη
město;τὸ ἄστυ, εως;37;ἄστυ
sekera;ὁ πέλεκυς, εως;37;πέλεκυς
ryba;ὁ ἰχθύς, ύος;37;ἰχθύς
rychlý;ταχύς 3;38;ταχύς
příjemný;ἡδύς 3;38;ἡδύς
krátký;βραχύς 3;38;βραχύς
pomalý;βραδύς 3;38;βραδύς
ostrý;ὀξύς 3;38;ὀξύς
umění;ἡ τέχνη, ης;38;τέχνη
poloviční;ἥμισυς 3;38;ἥμισυς
nutnost;ἡ ἀνάγκη, ης;38;ἀνάγκη
rána;ἡ πληγή, ῆς;38;πληγή
mnozí, četní;πολλοί, οἱ;39;πολύς
Sparťan;ὁ Σπαρτιάτης, ου;39;Σπαρτιάτης
pravil;ἔφη;39;φημί
zabíjím;ἀπο-κτείνω;39;ἀποκτείνω
přísaha;ὁ ὅρκος, ου;39;ὅρκος
jinoch;ὁ ἔφηβος, ου;39;ἔφηβος
zahanbuji, zneucťuji;κατ-αισχύνω;39;καταισχύνω
pomáhám;ἀμύνω (s dat.);39;ἀμύνω
bráním se komu;ἀμύνουμαι (s ak.);39;ἀμύνουμαι
bráním vlast;ἀμύνουμαι ὑπερ τῆς πατρίδος;39;ἀμύνουμαι
nesu, dopravuji;κομίζω;39;κομίζω
získávám vděčnost;χάριν κομίζομαι;39;χάρις
dodávám odvahy, posiluji;θαρρύνω;39;θαρσύνω
rodič, otec;ὁ γονεύς, έως;40;γονεύς
poskytuji;παρ-έχω;40;παραχώννυμι
od;παρά (s gen.);40;παρά
u;παρά (s dat.);40;παρά
loď;ἡ ναῦς, νεώς;40;ναῦς
lodník, plavec;ὁ ναύτης, ου;40;ναύτης
lupič;ὁ λῃστής, οῦ;40;ληιστής
zároveň s;ἅμα (s dat.);40;ἅμα
obrátil jsem na útěk;εἰς φυγὴν ἐτπεψάμην;40;εἰς
král;ὁ βασιλεύς, έως;40;βασιλεύς
soudce;ὁ δικαστής, οῦ;40;δικαστής
kněz;ὁ ἱερεύς, έως;40;ἱερεύς
připodobňuji, přirovnávám;ἀπ-εικάζω;40;ἀπεικάζω
představený;ὁ ἄρχων, οντος;40;ἄρχω
řídím;εὐθύνω;40;εὔθυνος
jezdec;ὁ ἱππεύς, έως;40;ἱππεύς
rolník, zemědělec;ὁ γεωργός, οῦ;40;γεωργός
býk, kráva;ὁ (ἡ) βοῦς, βοός;40;(ἡ)
veliký;μέγας, μεγάλη, μέγα 3;41;μέγας
nakloněný, ochotný;πρό-θυμος 2;41;πρόθυμος
mnohý;πολύς, πολλή, πολύ 3;41;πολύς
vojsko;ὁ στρατός, οῦ;41;στρατός
zdraví;ἡ ὑγίεια, ας;41;ὑγίεια
příhoda, pohroma, neštěstí;ἡ συμφορά, ᾶς;41;συμφορά
prospívám;λυσιτελῶ, εῖν;41;λυσιτελέω
stárnu;γηράσκω;41;γηράσκω
na světě;ἐν ἀνθρώποις;41;ἄνθρωπος
den;ἡ ἡμέρα, ας;42;ἥμερος
sluší se;πρέπει;42;πρέπω
vzor;τό παρά-δειγμα, ατος;42;ὁ
opačný;ἐναντίος 3;42;ἐναντίος
poslední;τελευταῖος 3;42;τελευταῖος
prostřední;μέσος 3;42;μέσος
střed;τό μέσον, ου;42;ὁ
stíním, vrhám stín;ἀπο-σκιάζω;42;ἀποσκιάζω
docela jistě, ovšem;μάνυ γε;42;μάνυ
množství;τό πλῆθος, ους;42;ὁ
mužnost, statečnost;ἡ ἀνδρεία, ας;42;ἀνδρεία
mnohem;πολύ (u kompar.);42;πολύς
Sapfó;ἡ Σαπφώ, οῦς;43;Σαπφώ
božský;θεῖος 3;43;θεῖος
na;ἐπί (s dat.);43;ἐπί
Argó;ἡ Ἀργώ, οῦς;43;Ἀργός
hrdina;ὁ ἥρως, ωος;43;ἥρως
Římané;οἱ Ῥωμαῖοι, ων;43;Ῥωμαικός
potomek;ὁ ἀπό-γονος, ου;43;ἀπόγονος
Trójan;ὁ Τρώς, ωός;43;Τρώς
Aineias;ὁ Αἰνείας, ου;43;Αἰνείας
Trója;ἡ Τροία, ας;43;Τροία
Itálie;ἡ Ἰταλία, ας;43;Ἰταλία
odpovídám;ἀπο-κρίνομαι;43;ἀποκρίνω
zdali;εἰ (v nepř. otázkách);43;εἰ
zdám se;δοκῶ, εῖν;43;δοκάζω
říkám;φημί, φάναι;43;φημί
ziskuchtivý;φιλο-κερδής 2;43;φιλοκερδής
Milón;ὁ Μίλων, ωνος;43;Μίλων
Olympie;ἡ Ὀλυμπία, ας;43;Ὀλυμπία
stadión, závodiště;τό στάδιον, ου;43;ὁ
povaha;τό ἦθος, ους;43;ὁ
projevuji, vyslovuji mínění;ἀπο-φαίνομαι τὴν γνώμην;43;ἀποφαίνω
živočich;τό ζῷον, ου;43;ὁ
obléhám;πολιορκῶ, εῖν;43;πολιορκέω
síla, moc;ἡ δύναμις, εως;44;δύναμις
nazývám;προσ-αγορεύω;44;προσαγορεύω
luštím, řeším;δια-λύω;44;διαλύω
Achilleus;ὁ Ἀχιλλεύς, έως;44;Ἀχιλλεύς
Paris;ὁ Πάρις, ιδος;44;Πάρις
střílím (z luku);τοξεύω;44;τοξεύω
Cicero;ὁ Κικέρων, ωνος;44;Κικέρων
Antonius;ὁ Ἀντώνιος, ου;44;Ἀντώνιος
Řím;ἡ Ῥώμη, ης;44;Ῥώμη
odhazuji, zahazuji;ἀπο-ρρίπτω;44;ἀπόρριπτος
Harmodios;ὁ Ἁρμόδιος, ου;45;Ἁρμόδιος
Aristogeitón;ὁ Ἀριστογείτων, ονος;45;Ἀριστογείτων
veškerý, každý;ἅ-πας 3;45;ἅπας
zapisuji, zaznamenávám;ἀνα-γράφω;45;ἀναγράφω
dobrodinec;ὁ εὐ-εργέτης, ου;45;εὐεργέτης
brzo;τάχα;45;τάχα
nutím;ἀναγκάζω;45;ἀναγκάζω
právě;πέρ;45;πέρ
doufám;ἐλπίζω;45;ἐλπίζω
nevina;ἡ ἀν-αιτία, ας;45;ἀναίτιος
objevuji, ukazuji;δηλῶ, οῦν;45;δηλόω
nemožný;ἀ-δύνατος 2;45;ἀδύνατος
vystupuji (ven) z řady;πορεύομαι ἔξω τῆς τάξεως;45;πορεύω
řada;ἡ τάξις, εως;45;τάξις
trestám;κολάζω;45;κολάζω
nedbám;ἀ-μελῶ, εῖν (s gen.);45;ἀμελέω
bez;ἄνευ (s gen.);46;ἄνευ
někdy, po záporce: nikdy;πώποτε;46;πώποτε
učenlivý, horlivý v učení;φιλο-μαθής 2;46;φιλομαθής
věc;τό χρῆμα, ατος;46;ὁ
znalý;ἐπι-στήμων 2;46;ἐπίστημος
stýkám se s, obcuji s;σύν-ειμι, εῖναι;46;σύνειμι
jsem vzdálen, chybím;ἄπ-ειμι, εῖναι;46;ἄπειμι
prázdný, jalový;κενός 3;46;κενός
vytrvalý, usilovný, mocný;καρτερός 3;46;καρτερός
je třeba;χρή, χρῆναι;46;χρή
je možno, lze;ἔξ-εστι(ν);46;ἔξ-εστι(ν)
jsem přítomen;πάρ-ειμι, εῖναι;46;πάρειμι
vidím;ὁρῶ, ᾶν;46;ὁράω
zkušební kámen ;ἡ βάσανος, ου;47;βάσανος
rok ;τό ἔτος, ους;47;ὁ
až do ;μέχρι (s gen.);47;μέχρι
vrhám kopí ;ἀκοντίζω;47;ἀκοντίζω
žádný ;οὐδ-είς, -μία, -έν;47;οὐδείς
žádám (někoho o něco) ;αἰτῶ, εῖν (τινά τι);47;αἰτέω
měsíc ;ὁ μήν, μηνός;47;μείς
ostrov Salamína ;ἡ Σαλαμίς, ῖνος;47;Σαλαμίς
počet ;ὁ ἀριθμός, οῦ;47;ἀριθμός
okolo, u čísla asi ;ἀμφί (s ak.);47;ἀμφί
olympiáda;ἡ Ὀλυμπιάς, άδος;48;Ὀλυμπιάς
Messénie;ἡ Μεσσηνία, ας;48;Μεσσήνιος
část, díl;τό μέρος, ους;48;ὁ
vrstevník;ὁ ἡλικιώτης, ου;48;ἡλικιώτης
blížím se;πλησιάζω;48;πλησιάζω
kde (vzt.);οὗ;48;ἕ
zůstávám;μένω;48;μένω
podstupuji nebezpečí;κινδυνεύω;48;κινδυνεύω
v platnosti adv. nijak;οὐδέν, μηδέν;48;οὐδείς
myslím na;ὑπο-λογίζομαι (s ak.);48;ὑπολογίζομαι
mimo, kromě;πλήν (s gen.);48;πλήν
nařizuji, přikazuji;προσ-τάττω;48;προσστάζω
přicházím;ἔπ-ειμι, ιέναι;49;ἔπειμι
příští den;ἡ ἐπιοῦσα ἡμέρα;49;ἔπειμι
pole, venkov;ὁ ἀγρός, οῦ;49;ἀγρός
každodenně;καθ' ἑκάστην ἡμέραν;49;καθά
společný oběd;τό συσ-σίτιον, ου;49;ὁ
bezpečný;ἀσφαλής 2;49;ἀσφαλής
odcházím;ἄπ-ειμι, ιέναι;49;ἄπειμι
pochodeň;ἡ λαμπάς, άδος;49;λαμπάς
obcházím, chodím dokola;περί-ειμι, ιέναι;49;περίειμι
hledám;ζητῶ, εῖν;49;ζητέω
unáším, loupím;ἁρπάζω;49;ἁρπάζω
blížím se;πρόσ-ειμι, ιέναι;49;πρόσειμι
křik;ἡ κραυγή, ῆς;49;κραυγή
s křikem;κραυγῇ;49;κραυγάζω
mlčky, potichu;σιγῇ;49;σιγάω
naloďuji;ἀνα-βιβάζω;50;ἀναβιβάζω
pluji na moře;ἀν-άγομαι;50;ἀνάγω
síla, vojenská moc;ἡ ἰσχύς, ύος;50;ἰσχύς
tak veliký;τοσ-οῦτος, -αύτη, -οῦτο(ν);50;τοσοῦτος
již tedy;ἤδη δή;50;ἤδη
naplňuji;πληρῶ, οῦν;50;πληρόω
slunce se zatmívá;ὁ ἥλιος ἐκ-λείπει;50;ἥλιος
tma;τό σκότος, ους;50;ὁ
děsím;ἐκ-πλήττω;50;ἐκπλήσσω
znamení;τό σημεῖον, ου;50;ὁ
ustrašený;περί-φοβος 2;50;περίφοβος
jsem bezradný;ἀ-πορῶ, εῖν;50;ἀφοράω
rozpínám, napínám;ἐκ-τείνω;50;ἐκτείνω
plášť;ἡ χλαμύς, ύδος;50;χλαμύς
myslím, mám za to, že;οἴομαι;50;οἴομαι
zdali snad;μή (v ot.);50;μή
liším se;δια-φέρω;50;διαφέρω
leda že;πλὴν ὅτι;50;πλήν
trochu;τί (ak. v platn. adv.);50;τίς
zatmění;ἡ ἐπι-σκότησις, εως;50;ἐπισκότησις
obědvám;δειπνῶ, εῖν;51;δειπνέω
rozmlouvám;δια-λέγομαι (s dat.);51;διαλέγω
zbavuji něk. něč., připravuji něk. o něco;ἀπο-στερῶ, εῖν (τινά τινος);51;ἀποστερέω
chudý;πένης, ητος 2;51;πένης
špatně mluvím o někom;κακῶς λέγω (s ak.);51;κακός
blahoslavím;μακαρίζω;51;μακαρίζω
Makedón;ὁ Μακεδών, όνος;51;Μακεδών
Aristotelés;ὁ Ἀριστοτέλης, ους;51;Ἀριστοτέλης
Prométheus;ὁ Προμηθεύς, έως;52;Προμηθεύς
kradu;κλέπτω;52;κλέπτης
oheň;τό πῦρ, ός;52;ὁ
nebe;ὁ οὐρανός, οῦ;52;οὐρανός
Kalliklés;ὁ Καλλικλῆς, έους;52;Καλλικλέης
přirozeně, případně;εἰκότως;52;ἐοικότως
spasitel;ὁ σωτήρ, ῆρος;52;σωτήρ
podnikám boj na moři;ναυμαχίαν ποιοῦμαι;52;ναυμαχία
lze;ἔστι;52;εἰμί
umírám;άπο-θνῄσκω;52;άπο-θνῄσκω
Platón;ὁ Πλάτων, ωνος;53;Πλάτων
šibalství;ἡ εἰρωνεία, ας;53;εἰρωνεία
šibalsky;εἰρωνικῶς;53;εἰρωνικός
Prótagoras;ὁ Πρωταγόρας, ου;53;Πρωταγόρας
hlas;ἡ φωνή, ῆς;53;φωνή
kouzlím, okouzluji;κηλῶ, εῖν;53;κηλέω
za hlasem;κατα τὴν φωνήν;53;κατα
následuji;ἕπομαι (s dat.);53;ἕπομαι
slyším něco od něk.;ἀκούω (τινός τι);53;ἀκούω
před soudem;ἐν τοῖς δικασταῖς;53;ὁ
uhlazeně mluvím;καλλιεπῶ, εῖν;53;καλλιεπέω
Télemachos;ὁ Τηλέμαχος, ου;53;Τηλέμαχος
po otcích zděděný, otcovský;πατρῷος 3;53;πατρῷος
vchod, přístup;ἡ εἴσοδος, ου;54;εἴσοδος
Kerberos;ὁ Κέρβερος, ου;54;Κέρβερος
opevňuji;τειχίζω;54;τειχίζω
nejprve;τό πρῶτον, ου;54;ὁ
Sicílie;τό Σικελία, ας;54;ὁ
roztrušuji;δια-σπείρω;54;διασπείρω
nevěřím, nedůvěřuji;ἀ-πιστῶ, εῖν;54;ἀφεστήξω
Klearchos;ὁ Κλέαρχος, ου;54;Κλέαρχος
táhnu v čele, vedu;ἡγοῦμαί (τινι);54;ἡγέομαι
nařizuji, přikazuji;παρ-αγγέλλω;54;παραγγέλλω
Arménie;ἡ Ἀρμενία, ας;54;Ἀρμένιος
hubím, ničím, kazím;δια-φθείρω;54;διαφθείρω
uvažuji, rozjímám;σκέπτομαι;55;σκέπτομαι
pečuji, mám se na pozoru, varuji se;εὐλαβοῦμαι, εῖσθαι;55;εὐλαβέομαι
všude;πανταχοῦ;55;πανταχοῦ
spravedlnost;ἡ Δίκη, ης;56;Δίκη
snáším, přispívám, prospívám;συμ-φέρω;56;συμφέρω
(impf. snahové) nemohli přemluviti;οὐκ ἔπειθον;56;οὐ
Zeus;ὁ Ζεύς, Δίος, Διί, Ζεῦ;56;Ζεύς
Tantalos;ὁ Τάνταλος, ου;56;Τάνταλος
plodím, rodím;γεννῶ, ᾶν;56;γεννάω
nesmrtelný;ἀ-θάνατος 2;56;ἀθάνατος
špatnost, zločinnost;ἡ κακία, ας;56;κακία
msta, trest;ἡ τιμωρία, ας;56;τιμωρία
nález, návrh;τό ψήφισμα, ατος;56;ὁ
list;ἡ ἐπιστολή, ῆς;56;ἐπιστολή
málokteří, nemnozí;ὀλίγοι;56;ὀλίγος
dostatečný;ἱκανός 3;56;ἱκανός
mohu;ἔχω (s inf.);56;ἔχω
poučuji;ἐκ-διδάσκω;56;ἐκδιδάσκω
nikterak neusiluji;οὐδὲν πράττω;57;οὐδείς
podřizuji;ὑπο-τάττω;57;ὑποτάσσω
vrážím do někoho něčím;ἐν-σείω (τινί τι);57;ἐνσείω
břevno, trám;ὁ (ἡ) δοκός, οῦ;57;(ἡ)
Diogenés;ὁ Διογένης, ους;57;Διογένης
potom, až potom;εἶτα;57;εἶτα
udeřuji;πλήττω;57;πλήσσω
hůl;ἡ βακτηρία, ας;57;βακτηρία
unikám;ἀπο-φεύγω;57;ἀποφεύγω
záhuba;ὁ ὄλεθρος, ου;57;ὄλεθρος
samovládce;ὁ τύραννος, ου;57;τύραννος
tyrannida;ἡ τυραννίς, ίδος;57;τυραννίς
Syrakusané;οἱ Συρακόσιοι, ων;57;Συρακόσιος
Kreón;ὁ Κρέων, οντος;57;Κρέων
nařizuji;ἐπι-τάττω;57;ἐπιτάσσω
Polyneikés;ὁ Πολυνείκης, ους;57;Πολυνείκης
Héfaistos;ὁ Ἥφαιστος, ου;58;Ἥφαιστος
házím, vrhám;ῥίπτω;58;ῥίπτω
Aischinés;ὁ Αἰσχίνης, ου;58;Αἰσχίνης
žaluji;κατ-ηγορῶ, εῖν;58;κατηγορέω
uvažuji;λογίζομαι;58;λογίζομαι
vítězné znamení;τό τρόπαιον, ου;58;ὁ
soukromě;ἰδίᾳ;58;ἴδιος
na státní útraty;δημοσίᾳ;58;δημόσιος
společně živím, vychovávám;συν-τρέφω;58;συντρέφω
druh u stolu, spolustolovník;σύσ-σιτος 2;58;σύσσιτος
pobíjím, rozbíjím, rozdrcuji;κατα-κόπτω;58;κατακόπτης
síla (tělesná);ἡ ῥώμη, ης;58;ῥώμη
nepohřbený;ἄ-θαπτος 2;58;ἄθαπτος
Eurípidés;ὁ Εὐριπίδης, ου;58;Εὐριπίδης
Makedonie;ἡ Μακεδονία, ας;58;Μακεδονία
kostka;ὁ κύβος, ου;58;κύβος
horní město, vyšehrad;ἡ ἀκρόπολις, εως;59;ἀκρόπολις
uchvacuji, plením;ἀν-αρπάζω;59;ἀναρπάζω
tvoření;ἡ ποίησις, εως;59;ποίησις
tragédie;ἡ τραγῳδία, ας;59;τραγῳδία
Sofoklés;ὁ Σοφοκλῆς, έους;59;Σοφοκλέης
uvádím do otroctví, zotročuji;ἀνδραποδίζω;59;ἀνδραποδίζω
Pythagorás;ὁ Πῦθαγόρας, ου;59;Πῦθαγόρας
milovník moudrosti, filosof;ὁ φιλό-σοφος, ου;59;φιλόσοφος
zakládám;κτίζω;59;κτίζω
zkouším, pokouším se;πειρῶμαι, ᾶσθαι;59;πειράω
nespravedlivý;ἄ-δικος 2;59;ἄδικος
hlasuji;ψηφίζομαι;59;ψηφίζομαι
odesílám;άπο-στέλλω;60;άπο-στέλλω
Leonidas;ὁ Λεωνίδας, ου;60;Λεωνίδης
zvěstuji, ohlašuji;ἀπ-αγγέλλω;60;ἀπαγγέλλω
ukládám, nařizuji;ἐν-τέλλομαι;60;ἐντέλλω
nařízení, rozkazy;τά ἐντεταλμένα;60;ὁ
vyžaduji;ἐξ-αιτῶ, εῖν;60;ἐξαιτέω
neozbrojený, beze zbraně;ἄν-οπλος 2;60;ἄνοπλος
Ajás;ὁ Αἴας, αντος;60;Αἴας
šílím;μαίνομαι;60;μαίνομαι
zabodávám, usmrcuji;ἀπο-σφάττω;60;ἀποσφάζω
tábor, ležení;τό στρατόπεδον, ου;60;ὁ
posel, vyslanec;ὁ πρεσβευτής, οῦ;60;πρεσβευτής
odcházím;άπο-χωρῶ, εῖν;60;άπο-χωρῶ
Fókión;ὁ Φωκίων, ωνος;60;Φώκιος
jsem rozumný;σωφρονῶ, εῖν;60;σωφρονέω
otřásám;σείω;61;θεῖος
peloponnéský;Πελοποννησιακός 3;61;Πελοποννησιακός
Pyrrhos;ὁ Πύρρος, ου;61;Πύρρος
hotový, odhodlaný, ochotný;ἑτοῖμος 3, 2;61;ἑτοῖμος
činím, uzavírám smlouvu s;σπένδομαί (τινι);61;σπένδω
sestra;ἡ ἀδελφή, ῆς;61;ἀδελφή
pláči, oplakávám;κλαίω;61;κλαίω
ustávám činiti;παύομαι ποιῶν;61;παύω
ač;καίπερ;61;καίπερ
spaluji;κατα-καίω;61;κατακαίω
Thérámenés;ὁ Θηραμένης, ους;61;Θηραμένης
hnětu (uplácávám), tvořím;πλάττω;61;πλάσσω
kůže, rouno;τό δέρας, ατος;62;ὁ
Athamás;ὁ Ἀθάμας, αντος;62;Ἀθάμας
Boiótia;ἡ Βοιωτία, ας;62;Βοιώτιος
Nefelé;ἡ Νεφέλη, ης;62;Νεφέλη
oblak;ἡ νεφέλη, ης;62;νεφέλη
Frixos;ὁ Φρίξος, ου;62;Φρίξος
Hellé;ἡ Ἕλλη, ης;62;Ἕλλη
neúroda;ἡ ἀκαρπία, ας;62;ἀκαρπία
Inó;ἡ Ἰνώ, οῦς;62;Ἰνώ
beran;ὁ κριός, οῦ;62;κριός
upadl jsem;ἔπεσον (πίπτω);62;ἐφέζομαι
Helléspontos;ὁ Ἑλλήσποντος, ου;62;Ἑλλήσποντος
Kolchis;ἡ Κολχίς, ίδος;62;Κόλχος
Arés;ὁ Ἄρης, Ἄρεως;62;Ἄρης
obětní dar;τό ἀνάθημα, ατος;62;ὁ
Aiétés;ὁ Αἰήτης, ου;62;Αἰήτης
obyvatelé Kolchidy;οἱ Κόλχοι, ων;62;Κόλχος
býk;ὁ ταῦρος, ου;62;ταῦρος
bez spánku;ἄ-υπνος 2;62;ἄυπνος
had, drak;ὁ δράκων, οντος;62;δράκων
péče, starost;ἡ ἑπι-μέλεια, ας;63;ἑπι-μέλεια
dávám;δίδωμι;63;δίδωμι
předkládám;παρα-τίθημι;63;παρατίθημι
čtu;ἀνα-γιγνώσκω;63;ἀναγιγνώσκω
kladu;τίθημι;63;τίθημι
dosahuji;τυγχάνω (+ gen);63;τυγχάνω
vysílám, dovoluji;ἐφ-ίημι;63;ἐφίημι
ženu se za, toužím po;ἐφ-ίεμαι (+ gen);63;ἐφίημι
cizí;άλλότριος 3;63;άλλότριος
vlastní;ἴδιος 3;63;ἴδιος
vysílám (napřed);προίημι;63;προίημι
ztrácím;προ-ίεμαι;63;προίημι
stavím;ἵστημι;63;ἵστημι
činím, ustanovuji;καθ-ίστημι;63;καθίστημι
ustanovuji;ἐφ-ίστημι;63;ἐφίστημι
vychovatel;ὁ παιδ-αγωγός, οῦ;63;παιδαγωγός
svobodný;ἐλεύθερος 3;63;ἐλεύθερος
ukazuji;δείκνυμι;63;δείκνυμι
posílám;ἵημι;63;ἵημι
ihned, hned;αὐτίκα;64;αὐτίκα
zrazuji;προ-δίδωμι;64;προδίδωμι
nakládám s;δια-τίθημι (+ akuz.);64;διατίθημι
odesílám od sebe, propouštím;ἀπο-πέμπομαι;64;ἀποπέμπω
tak že;ὥστε;64;ὥστε
Iónové;οἱ Ἴωνες, ων;64;Ἴων
odvracím;ἀφ-ίστημι;64;ἀφεστήξω
odpadám od;ἀφίσταμαι;64;ἀφεστήξω
Alkibiadés;ὁ Ἀλκιβιάδης, ου;64;Ἀλκιβιάδης
zastavuji, zadržuji;παύω;64;παύω
sněm;ἡ ἐκλησία, ας;64;ἐκλησία
předávám, odevzdávám;παραδίδωμι;64;παραδίδωμι
syn;ὁ υἱός, υἱοῦ (υἱέος);64;υἱός
ukazuji, dokazuje;ἐπι-δείκνυμι;64;ἐπιδείκνυμι
náklonnost, přízeň;ἡ εὔ-νοια, ας;64;εὔνοια
vzdávám se;παραδίδωμι ἐμαυτόν;65;παραδίδωμι
Messéňané;οἱ Μεσσήνιοι, ων;65;Μεσσήνιοι
zotročuji, podmaňuji;δουλῶ, οῦν;65;δουλόω
rolničím, vzdělávám půdu;γεωργῶ, εῖν;65;γεωργέω
prodávám;ἀπο-δίδομαι;65;ἀποδίδωμι
Efesané, obyv. Efesu;οἱ Ἐφέσιοι, ων;65;Ἐφέσιος
věnuji, zasvěcuji;ἀνα-τίθημι;65;ἀνατίθημι
obětní dar;τὸ ἀνάθημα, ατος;65;ἀνάθημα
Pittakos, vládce na Lesbu;ὁ Πιττακός, οῦ;65;Πιττακός
básník Alkaios;ὁ Ἀλκαῖος, ου;65;Ἀλκαῖος
propouštím;ἀφ-ίημι;65;ἀφίημι
útočím, napadám;ἐπι-τίθεμαι (dat.);65;ἐπιτίθημι
Patroklos, přítel Achilleův;ὁ Πάτροκλος, ου;65;Πάτροκλος
Lysandros, spartský vojevůdce;ὁ Λύσανδρος, ου;65;Λύσανδρος
ihned;εὐθύς;65;εὐθύς
vkládám, naháním;ἐν-τίθημι;65;ἐντίθημι
představuji, měním;μεθ-ίστημι;65;μεθίστημι
zřízení, ústava;ἡ πολιτεία, ας;65;πολιτεία
ustanovuji, určuji;ἀπο-δείκνυμι;65;ἀποδείκνυμι
usiluji o;ἐπι-τίθεμαι (dat.);66;ἐπιτίθημι
zákony dávám;νόμους τίθημι;66;νόμος
překládám, měním;μετα-τίθημι;66;μετατίθημι
nerozumný, nerozvážný;ἄφρων 2;66;ἄφρων
zřizuji, zařizuji;κατα-σκευάζω;66;κατασκευάζω
dovoluji, propouštím;παρ-ίημι;66;παρίημι
vhodný čas, příležitost;ὁ καιρός, οῦ;66;καιρός
zjevný, zřejmý;φανερός 3;66;φανερός
nezjevný, neviditelný;ἀφανής 2;66;ἀφανής
pahorek Áreův;ὁ Ἄρειος πάγος;66;Ἄρειος
sloup;ἡ στήλη, ης;66;στήλη
pomník, památka;ἡ μνημεῖον, ου;66;μνημεῖον
cesta, výprava;ἡ πορεία, ας;66;πορεία
Ílion, Trója;τὸ Ἴλιον, ου;66;Ἴλιον
pokutu platím, jsem trestán;δικην δίδωμι;67;δικην
Hektór, trojský hrdina;ὁ Ἕκτωρ, ορος;67;Ἕκτωρ
Datis, pers. vojevůdce;ὁ Δᾶτις, ιδος;67;Δάτις
Dareios, perský král;ὁ Δαρεῖος, ου;67;Δαρεῖος
Arión, mythický pěvec;ὁ Ἀρίων, ονος;67;Ἄριοι
delfín;ὁ δελφίς, ίνος;67;δελφίς
odkládám, vysazuji;ἐκ-τίθημι;67;ἐκτίθημι
slibuji;ἐπ-αγγέλλομαι;67;ἐπαγγέλλω
připojuji se;προσ-τίθεμαι (dat.);67;προστίθημι
(vzhůru) stavím;ἀνίστημι;67;ἀνίστημι
pán;ὁ κύριος, ου;67;κύριος
cizinec;ὁ ξεῖνος (=ὁ ξένος), ου;67;ξένος
zde, tady;τῇδε;67;ὅδε
ležím;κεῖμαι;67;κεῖμαι
výrok, rozkaz, zákon;τὸ ῥῆμα, ατος;67;ῥῆμα
onen;κεῖνος (= ἐκεῖνος) 3;67;ἐκεῖνος
nastupuji;καθ-ίσταμαι;68;καθίστημι
království, král. trůn;ἡ βασιλεία, ας;68;βασίλεια
Artaxerxes, perský král;ὁ Αρταξέρξης, ου;68;Αρταξέρξης
Archimedes;ὁ Ἀρχιμήδης, ους;68;Ἀρχιμήδης
jde, kam;ποῦ;68;πού
hýbám;κινῶ, εῖν;68;κινέω
iónský;Ἰωνικός 3;68;Ἰωνικός
Tisafernes, Persan;ὁ Τισσαφέρνης, ους;68;Τισσαφέρνης
Milét, ms. v MA;ἡ Μίλητος, ου;68;Μίλητος
náhoda, osud;ἡ τύχη, ης;68;τύχη
proti, mimo (akuz.);παρά (akuz.);68;παρά
mínění, očekávání;ἡ δόξα, ης;68;δόξα
přihází se;συμ-βαίνει;68;συμβαίνω
obviňuji;αἰτιῶμαι, ᾶσθαι;68;αἰτιάομαι
vstupuji;ἐμ-βαίνω;68;ἐμβαίνω
Halys, řeka v MA;ὁ Ἅλυς, υος;68;Ἅλυς
utíkám (pryč);ἀπο-διδράσκω;68;ἀποδιδράσκω
řadím se proti;ἀντι-τάττομαι;68;ἀντιτάσσω
pán;ὁ δεσπότης, ου;68;δεσπότης
předstihnuji;φθάνω;68;φθάνω
činím dříve než ty;φθάνω σε ποιῶν;68;φθάνω
kráčím, přicházím;χωρῶ, εῖν;68;χωράζω
stavím se kolem;περι-ίσταμαι;69;περιίστημι
stavím se na odpor, odporuji;ἀνθ-ίσταμαι;69;ἀνθίστημι
stavím se v čelo;προ-ίσταμαι;69;προίστημι
Solón, zákonodárce Athén;ὁ Σόλων, ωνος;69;Σόλοι
jsem ustanoven;ἐπί-κειμαι (pass. k ἐπιτίθημι);69;ἐπίκειμαι
ukládám, určuji;ἐπι-τίθημι;69;ἐπιτίθημι
špatně mluvím o (akuz.);κακῶς ἀγορεύω (akuz.);69;κακός
bojím se;δέδοικα;69;δείδω
naplňuji;ἐμ-πίμπλημι;70;ἐμπίπλημι
lakota, hrabivost;ἡ πλεονεξία, ας;70;πλεονεξία
Sardy, hl. ms. Lýdie;αἱ Σάρδεις, εων;70;Σάρδεις
zapaluji;ἐμ-πίμπρημι;70;ἐμπίμπρημι
budoucnost;τό μέλλον, οντος;70;ὁ
Olynthos, město na Chalkidice;ἡ Ὄλυνθος, ου;70;Ὄλυνθος
podkopávám, bořím;κατασκάπτω;70;κατασκάπτω
takový;τοιοῦτος 3;70;τοιοῦτος
spěchám, pospíchám;σπεύδω;71;σπεύδω
ostrov;ἡ νῆσος, ου;71;νῆσος
ležím kolem;περίκειμαι;71;περίκειμαι
místo;τὸ χωρίον, ου;71;χωρέω
Isthmos, korintská úžina;ὁ Ἰσθμός, οῦ;71;ἰσθμός
bojuji na moři, svádím námořní bitvu;ναθμαχῶ, εῖν;71;ναθμαχῶ
Mnésifilos, Athéňán;ὁ Μνησίφιλος, ου;71;Μνησίφιλος
již ne;οὐκέτι (μηκέτι);71;οὐκέτι
Eurybiades, spartský vojevůdce;ὁ Εὐρυβιάδης, ου;71;Εὐρυβιάδης
zadržuji;κατέχω;71;καταχώννυμι
shromažďuji, sbírám;συνάγω;71;συνάγω
znova, opět;αὖθις;71;αὖθις
povstávám;ἀν-ίσταμαι;71;ἀνίστημι
konečně;τέλος (adv.);71;τέλος
filosof Zenón;ὁ Ζήνων, ωνος;72;Ζήνων
neučenost, nevědomost;ἡ ἀμαθία, ας;72;ἀμαθία
prožívám;καταβιῶ, οῦν;72;καταβιάζομαι
Artabazos, perský vojevůdce;ὁ Αρτάβαζος, ου;72;Αρτάβαζος
Plataje, ms. v Boiótii;αἱ Πλαταιαί, ῶν;72;Πλαταιός
stává se, přihází se;ἀπο-βαίνει;72;ἀποβαίνω
když, kdykoliv;ὁπότε;72;ὁπότε
Lyčané, národ v MA;οἱ Λύκιοι, ων;72;Λύκιοι
Proxenos (řc. vůdce u Kýra Jr.);ὁ Πρόξενος, ου;72;Πρόξενος
bojótský;Βοιώτιος 3;72;Βοιώτιος
z domova;οἴκοθεν;72;οἴκοθεν
starý, dávný;ἀρχαῖος 3;72;ἀρχαῖος
sdílím se o to, sděluji (+dat.);ἀνα-κοινοῦμαι (+dat.);72;ἀνακοινέω
odsuzuji (+gen);κατα-γιγνώσκω (+gen);72;καταγιγνώσκω
odsuzuji někoho k smrti;θάνατον καταγιγνώσκω τινός;72;θάνατος
příroda, přirozený řád;ἡ φύσις, εως;72;φύσις
báje, slovo, řeč;ὁ μῦθος, ου;73;μῦθος
růže;τὸ ῥόδον, ου;73;ῥόδον
Adónis, mythický lovec;ὁ Ἄδωνις, ιδος;73;Ἄδωνις
krev;τὸ αἷμα, ατος;73;αἷμα
plodím, rodím;φύω;73;φύω
Laios, král thébský;ὁ Λάϊος, ου;73;Λαΐος
šat;ἡ στολή, ῆς;73;στολή
médský;Μηδικός 3;73;Μηδικός
oblékám;ἐν-δύω;73;ἐνδύω
svlékám (si, se);ἐκ-δύομαι;73;ἐκδύω
Méd;ὁ Μῆδος, ου;73;Μῆδος
obchodník, kupec;ὁ ἔμπορος, ου;73;ἔμπορος
potápím, ponořuji;κατα-δύω;73;καταδύω
Illyrové;οἱ Ἰλλυριοί, ῶν;74;Ἰλλυριός
klíč, klíční kost;ἡ κλείς, κλειδός (akuz. κλεῖν);74;κλείς
lámu;κατ-άγνυμι;74;κατάγνυμι
sám vládnoucí, neomezený;αὐτοκράτωρ, ορος 2;74;αὐτοκράτωρ
hubím, ztrácím;ἀπ-όλλυμι;74;ἀπόλλυμι
hynu;ἀπόλλυμαι;74;ἀπόλλυμι
jsem ztracen, je po mně veta;ἀπόλωλα;74;ἀπόλλυμι
zda ... či;πότερον ... ἤ;74;πότερος
poutám, spojuji;ζεύγνυμι;74;ζεύγνυμι
stavím most přes Hellespont;τὸν Ἑλλήσποντον ζ.;74;ὁ
bouře;ὁ Χειμών, ῶνος;74;χειμών
rozlučuji, strhávám;δια-λύω;74;διαλύω
most;ἡ γέφυρα, ας;74;γέφυρα
vítězím v boji;μάχην νικῶ, ᾶν;74;μάχη
jsem jednomyslný, svorný;ὁμονοῶ, εῖν;74;ὁμονοέω
podle (+ akuz.);κατά (+akuz.);74;κατά
Artemision (předhoří na Euboji);τὸ Ἀρτεμίσιον, ου;74;Ἀρτεμίσιον
strom;τὸ δένδρον, ου;74;δένδρον
kruh, kolo;ὁ κύκλος, ου;74;κύκλος
kolem, dokola;κύκλῷ;74;κύκλος
kámen, zvláště mramor;ὁ λίθος, ου;74;λίθος
bílý;λευκός 3;74;λευκός
upevňuji, zarážím;πήγνυμι;74;πήγνυμι
samský (ze Samu);Σάμιος 3;75;Σάμιος
šat;ἡ ἐσθής, ῆτος;75;ἐσθής
oblékám;ἀμφιέννυμι;75;ἀμφιέννυμι
nosím, nosívám;φορῶ, εῖν;75;φορέω
opásávám, med. přepásávám se;περι-ζώννυμι;75;περιζώννυμαι
Orsippos (olymp. závodník);ὁ Ὄρσιππος, ου;75;Ὄρσιππος
vítěziti v olympijských hrách;Ὀλύμπια νικᾶν;75;Ὀλύμπια
nahý;γυμνός 3;75;γυμνός
pás, zástěra;τὸ περί-ζωμα, ατος;75;περίζωμα
snadno běžím;ῥᾴδιός εἰμι τρέχειν;75;ῥᾴδιος
pětiboj;τὸ πέντ-αθλον, ου;75;πένταθλον
závodím v pětiboji;τὸ π. ἀγωνίζομαι;75;π.
obsahuji;περι-έχω;75;περιέχω
skok, skákání;τὸ ἅλμα, ατος;75;ἅλμα
rychlost nohou;ἡ ποδ-ώκεια, ας;75;ποδώκεια
kotouč, touš, disk;ὁ δίσκος, ου;75;δίσκος
házet kopí, oštěp;ὁ ἄκων, ἄκοντος;75;ἄκων
zápas, zápolení, prostý zápas;ἡ πάλη, ης;75;πάλα
Zhrák;ὁ θρᾷξ, θρᾳκός;75;θρᾷξ
mísím;κεράννυμι;75;κεράννυμι
Caesar;ὁ Καῖσαρ, αρος;75;Καῖσαρ
smích;ὁ γέλως, ωτος;75;γέλως
hrozím;ἀπειλῶ, εῖν;75;ἀπειλέω
posiluji, pass. sílím, mohutním;ῥώννυμι;75;ῥώννυμι
býti silný, zdráv;ἐρρῶσθαι;75;ῥώννυμι
hasím, potlačuji;κατα-σβέννυμι;75;κατασβέννυμι
touha;ἡ ἐπι-θυμία, ας;75;ἐπιθυμία
bojechtivost, bojovnost;ἡ μάχης ἐπιθυμία;75;μάχη
rána;τὸ τραῦμα, ατος;76;τραῦμα
hranice;ἡ πυρά, ᾶς;76;πυρά
uhasínám;ἀπο-σβέννυμαι;76;ἀποσβέννυμι
Onésikritos, vojevůdce a dějepisec za A. Velikého;ὁ Ὀνησίκριτος, ου;76;Ὀνησίκριτος
starší;πρεσβύτερος 3 (πρέσβυς);76;πρέσβυς
přátelství;ἡ φιλία, ας;76;φίλιος
odděluji, jsem vzdálen;δι-έχω (impf. διεῖχον);76;διαχώννυμι
když (tu);ἡνίκα;76;ἡνίκα
podezírám, tuším (s obavou);ὑπ-οπτεύω;76;ὑποπτεύω
obojí;ἀμφότερος 3;76;ἀμφότερος
jsem právě;τυγχάνω ὤν;76;τυγχάνω
druhý (jeden z obou);ἕτερος 3;76;ἕτερος
podobám se;ἔοικα, ἐοικέναι;77;ἔοικα
vím;οἶδα, εἰδέναι;77;οἶδα
zármutek;ἡ λύπη, ης;77;λύπη
zakouším dobrého, dobře se se mnou zachází;εὖ πάσχω;77;εὖ
prokazuji (projevuji) někomu vděčnost;οἶδα χάριν τινί;77;οἶδα
skrývám, zatajuji;ἀπο-κρύπτω;77;ἀποκρύπτω
vypátrávám, vyšetřuji, vyzvídám;ἐξερευνῶ, ᾶν;77;ἐξερευνάω
perský;περσικός 3;77;Περσικός
jako (právě);ὥσ-περ;77;ὥσπερ
vpředu, dříve, předtím;πρόσθεν;77;πρόσθεν
jsem slabší, podléhám, jsem poražen;ἡττῶμαι, ᾶσθαι;77;ἡσσάομαι
velmi, velice;μέγα (ak. příslovkový);77;μέγας
malý, krátký;σμικρός (=μικρός);77;μικρός
málo;σμικρόν (ak. příslovkový);77;μικρός
spolu vím (τινί τι: vím -jistě- o někom něco);σύν-οιδα;77;σύνοιδα
jsem si vědom;σύν-οιδα ἐμαυτῷ;77;σύνοιδα
obydlí, dům;ὁ οἶκος, ου;77;οἶκος
lichotím, pochlebuji (+akuz.);κολακεύω (+akuz.);77;κολακεύω
vyhnaný, podrobený, vyvrácený, zpustošený;ἀνά-στατος 2;77;ἀνάστατος
jsem pustošen;γίγνομαι ἀνάστατος;77;γίγνομαι
válečná výprava, tažení;ἡ στρατεία, ας;78;στρατεία
síla, moc;τὸ κράτος, ους;78;κράτος
Athos, pohoří na Chalkidice;ὁ Ἄθως, Ἄθω;78;Ἄθως
prokopávám;διορύττω;78;διορύσσω
hrnu se, valím se;ῥέω, ῥεῖν;78;ῥέον
pozbívám mysli, malomyslním;ἀθυμῶ, εῖν;78;ἀθυμέω
pěší, o bitvě: pozemní;πεζός 3;78;πεζός
provádím, pořizuji;δια-πράττω;78;διαπράσσω
lesk;ἡ λαμπρότης, ητος;78;λαμπρότης
posiluji, vzmužuji;ἐπι-ρρώννυμι;78;ἐπιρρώννυμι
jestli, když;εἴ-περ = εἰ;79;εἴπερ
rovný, stejný (jako) (+dat);ἴσος 3 (+dat.);79;ἴσος
rozum;ἡ γνώμη, ης;79;γνώμη
Áres Makedonský (Filippos);Ἄρης Μακεδών;79;Ἄρης
Parthenón;Παρθενών, ῶνος;79;Παρθενών
Kallikrates;ὁ Καλλικράτης, ους;79;Καλλικράτης
Iktinos;ὁ Ἰκτῖνος, ου;79;ἰκτῖνος
dělám, vytvářím;ἐργάζομαι;79;ἐργάζομαι
když;ἐπειδή;79;ἐπεί
strach;τὸ δέος, ους;79;δέος
spím;καθεύδω;79;καθεύδω
na hostinu;κατά δαῖτα (ἡ δαίς, τός);79;κατά
krátký čas;ὀλίγον χρόνον (ak. čas. míry);79;ὀλίγος
skrovný, krátký;ὀλίγος 3;79;ὀλίγος
vydržuji, snáším;ἀν-έχομαι;79;ἀνέχω
nechávám;ἐῶ, ᾶν;79;ἐάω
vycházím;ἔξ-ειμι, ιέναι;79;ἔξειμι
kupuji zač;ὠνοῦμαι, εῖσθαι (+gen);79;ὠνέομαι
jablko;τὸ μῆλον, ου;79;μῆλον
žiji;ζῶ, ζῆν;80;ζάω
toužím, dychtím;ἐπιθυμῶ, εῖν;80;ἐπιθυμέω
lačním;πεινῶ, ῆν;80;πεινάω
žízním;διψῶ, ῆν;80;διψάω
užívám (+dat.);χρῶμαι, ῆσθαι (+dat.);80;χράομαι
protivný, opačný, naproti;ἐναντίος 3;80;ἐναντίος
miluji moudrost, zabývám se filosofií;φιλοσοφῶ, εῖν;80;φιλοσοφέω
zkoumám;ἐξ-ετάζω;80;ἐξετάζω
rádce;ὁ σύμ-βουλος, ου;80;σύμβουλος
hledím, pozoruji;σκοπῶ, εῖν;80;σκοπάω
jak;πῶς;80;πῶς
hospodařím, spravuji;δι-οικῶ, εῖν;80;διοικέω
= ἐπί τούτοις, ἅ;ἐφ᾽οἷς;81;ἐφ᾽οἷς
nestoudný;ἀν-αιδής 2;81;ἀναιδής
Andromaché;ἡ Ἀνδρομάχη, ης;81;Ἀνδρομάχη
slzím, pláči;δακρύω;81;δάκρυον
bůh delfský;ὁ ἐν Δελφοῖς θεός;81;Δελφοί
prožívám život;διατελῶ (εῖν) τὸν βίον;81;διατελέω
odplouvám;ἀπο-πλέω;82;ἀποπλέω
Achajové;οἱ Ἀχαιοί, ῶν;82;Ἀχαιός
rozptyluji;δια-σκεδάννυμι;82;διασκεδάννυμι
vítr;ὁ ἄνεμος, ου;82;ἄνεμος
severák;ὁ βορρᾶς;82;Βορέας
docela, naprosto;παντάπασι;82;παντάπασι
spaluji;ἀπο-καίω;82;ἀποκαίω
večer;ἡ ἑσπέρα, ας;82;ἑσπέρα
doplouvám;κατα-πλέω;82;κατάπλεος
pevnina;ἡ ἤπειρος, ου;82;ἤπειρος
číšník (ten, kdo nalévá víno);ὁ οἰνοχόος (χέω);82;οἰνοχόος
slušný, způsobný;εὐ-σχήμων 2;82;εὔσχημος
upevňuji;πήγνυμι;82;πήγνυμι
nalévám;ἐγ-χέω;82;ἐγχέω
Astyages (médský král);ὁ Ἀστυάγης, ους;82;Ἀστυάγης
děd;ὁ πάππος, ου;82;πάππος
svěřuji, dovoluji;ἐπι-τρέπω;82;ἐπιτρέπω
třesu se, trnu;τρέω;82;τρέω
přirozené nadání;ἡ φύσις, εως;82;φύσις
cvičení;ἡ ἄσκησις, εως;82;ἄσκησις
vyučování, výchova;ἡ διδασκαλία, ας;82;διδασκαλία
útočiště;ἡ καταφυγή, ῆς;82;καταφυγή
přístav;ὁ λιμήν, ένος;82;λιμήν
mládí;ἡ νεότης, ητος;82;νεότης
Aischylos;ὁ Αἰσχύλος, ου;82;Αἰσχύλος
dobývám si, získávám (+akuz.);κτῶμαι, ᾶσθαι (+akuz.);83;κτάομαι
obcuji s někým;συν-δια-τρίβω (+dat.);83;συνδιατρίβω
zevrubný, důkladný, přesný;ἀκριβής 2;83;ἀκριβής
zkoumání, zkouška;ἡ δοκιμασία, ας;83;δοκιμασία
chybuji;ἁμαρτάνω;83;ἁμαρτάνω
to, v čem se chybuje, chyby;τὰ ἁμαρτανόμενα;83;ἁμαρτάνω
volnost slova;ἡ παρρησία, ας;83;παρρησία
dobře smýšlím;εὖ φρονῶ, εῖν;83;εὖ
spolu zkoumám;συν-δοκιμάζω;83;συνδοκιμάζω
jsem v nejistotě, na rozpacích;ἀμφι-γνοῶ, εῖν;83;ἀμφιγνοέω
prohlížím, zkoumám;δι-ορῶ, ᾶν;83;διοράω
řemeslně;τέχνῃ;83;τέχνη
ošetřuji, sloužím;θεραπεύω;83;θεραπεύω
poznávám;γνωρίζω;83;γνωρίζω
jaký;ὁποῖος 3;83;ὁποῖος
který právě;ὅσ-περ,ἥ-περ, ὅ-περ;83;ὅσ-περἥ-περ
chybuji;ἐξ-αμαρτάνω;83;ἐξαμαρτάνω
vysedám na koně;ἀναβαίνω ἐπί τὸν ἵππον;84;ἀναβαίνω
sestavuji se, seřazuji se;συνίσταμαι;84;συνίστημι
Filoktétes;ὁ Φιλοκτήτης, ου;84;Φιλοκτήτης
had;ὁ ὄφις, εως;84;ὄφις
kousám;δάκνω;84;δάκνω
Aigiňan (z Aigíny);ὁ Αἰγινήτης, ου;84;Αἰγινήτης
vyháním;ἐξελαύνω;84;ἐξελαύνω
ženu;ἐλαύνω;84;ἐλαύνω
umdlévám;κάμνω;84;κάμνω
Hérodotos;ὁ Ἡρόδοτος, ου;84;Ἡρόδοτος
Aristagoras (tyran);ὁ Ἀρισταγόρας, ου;84;Ἀρισταγόρης
deska;ὁ πίναξ, ακος;84;πίναξ
obvod;ἡ περί-οδος, ου;84;περίοδος
řežu;τέμνω;84;τέμνω
vyrývám;ἐντέμνω;84;ἐντέμνω
odpykávám trest (za);δίκην (τινός) τίνω;84;δίκη
Odysseus;ὁ Ὀδυσσεύς, έως;84;Ὀδυσσεύς
domů;οἴκαδε;84;οἴκαδε
vracím se;νοστῶ, εῖν;84;νοστέω
zda?;ἆρα;84;ἆρα
přicházím;ἀφικνοῦμαι, εῖσθαι;84;ἀφικνέομαι
Délos;ἡ Δῆλος, ου;84;Δῆλος
ještě ne;οὔπω;84;οὔπω
zvětšuji;αὐξάνω;85;αὐξάνω
zprotivuji se;ἀπ-εχθάνομαι;85;ἀπεχθάνομαι
šetřím (+gen);φείδομαι (+gen);85;φείδομαι
jsem skryt, zůstávám utajen komu;λανθάνω (+akuz.);85;λανθάνω
pracovitý;φιλό-πονος 2;85;φιλόπονος
plod, odměna;ὁ καρπός, οῦ;85;καρπός
zapomínám (+gen);ἐπι-λανθάνομαι (+gen);85;ἐπιλανθάνομαι
blaženost, štěstí;ἡ εὐδαιμονία, ας;85;εὐδαιμονία
pozoruji;αἰσθάνομαι;85;αἰσθάνομαι
dovídám se;πυνθάνομαι;85;πυνθάνομαι
dosahuji, docházím (losem) (+gen);λαγχάνω (+gen);85;λαγχάνω
zpozdilý, bláhový;μῶρος 3;86;μωρός
trpím;πάσχω;86;πάσχω
lučištník;ὁ τοξότης, ου;86;τοξότης
těžce nesu;χαλεπῶς φέρω;86;χαλεπός
umírám;ἀποθνῄσκω;86;ἀποθνήσκω
Thales (filosof);θάλης, ητος;86;θαλέω
nesmyslný;παρά-δοχος;86;παρά-δοχος
líbím se;ἀρέσκω;86;ἄρεσκος
prodávám;πιπράσκω;86;πιπράσκω
nalézám;εὑρίσκω;86;εὑρίσκω
připomínám komu (akuz.);ἀνα-μιμνῄσκω (+akuz.);86;ἀναμιμνήσκω
nestřídmý v (+gen);ἀκρατής 2 (+gen.);86;ἀκρατής
dospívám;ἡβάσκω;86;ἡβάσκω
klid, samota;ἡ ἡσυχία, ας;86;ἡσυχία
vycházím;ἐξ-έρχομαι;86;ἐξέρχομαι
který z obou;πότερος 3;86;πότερος
zdám se, míním;δοκῶ, εῖν;87;δοκάζω
nazývám, volám;καλῶ, εῖν;87;καλέω
strkám, vytlačuji;ὠθῶ, εῖν;87;ὠθέω
Artemisia;ἡ Ἀρτεμισία, ας;87;Ἀρτεμισίη
sdílím se (s někým něco);μεταδίδωμι (τινί τινος);87;μεταδίδωμι
potřebuji, prosím (+gen.);δέομαι (+gen);87;δέομαι
smiřuji se s (dat.);δι-αλλάττομαι (+dat.);87;διαλλάσσω
horším se na (dat.);ἄχθομαι (dat.);87;ἄχθομαι
žením se s;γαμῶ, εῖν (akuz.);87;γαμέω
Héba (bohyně mladosti);ἡ Ἥβη, ης;87;Ἥβη
vyčkávám, čekám na (akuz.);μένω (akuz.);88;μένω
dělím, uděluji;νέμω;88;νέμω
rozděluji;διανέμω;88;διανέμω
Poseidón;ὁ Ποσειδῶν, ῶνος;88;Ποσειδῶν
plutón;ὁ Πλούτων, ωνος;88;Πλούτων
dostávám (od někoho);παρα-λαμβάνω;88;παραλαμβάνω
nabízím;ἐπ-αγγέλλομαι;88;ἐπαγγέλλω
Ariaios;ὁ Ἀριαῖος, ου;88;Ἀριαῖος
trůn;ὁ θρόνος, ου;88;θρόνος
královský;βασίλειος 3;88;βασίλειος
posazuji;καθίζω;88;καθίζω
otázal jsem se;ἠρόμην (aor.);88;ἀρόω
zdali ne, ne?;ἆρ᾽οὐ (ἆρα οὐ);88;ἆρ᾽οὐ
jsem vinen, zasluhuji si;ὀφλισκάνω;88;ὀφλισκάνω
lpím na;γλίχομαι (+gen);88;γλίχομαι
jsem povinen (díkem);ὀφείλω (χάριν);88;ὀφέλλω
lituji (+gen.);μετα-μέλει μοι (+gen.);88;μεταμέλομαι
držím se (+gen.);ἔχομαι (+gen.);89;ἔχω
začínám, jsem po ruce, přítomen;ὑπ-άρχω;89;ὕπαρχος
přítomné, skutečné věci, přítomnost;τὰ ὑπάρχοντα;89;ὑπάρχω
pouštím (z ruky);μεθίημι;89;μεθίημι
Peisistratos (tyran);ὁ Πεισίστρατος, ου;89;Πεισίστρατος
Hippias;ὁ Ἱππίας, ου;89;Ἱππίης
poskytuji, zjednávám, s dvojím akuz.: osvědčuji se;παρ-έχω;89;παραχώννυμι
opatřuji si, přivádím si svědka;παρ-έχομαι τὸν μάρτυρα;89;παρέχω
sboření, strhnutí;ἡ κατα-σκαφή, ῆς;89;κατασκαφή
loupení;ἡ ἁρπαγή, ῆς;89;ἁρπαγή
hostinný přítel;ὁ ξένος, ου;89;ξένος
slibuji;ὑπ-ισχνοῦμαι, εῖσθαι;89;ὑπισχνέομαι
následuji (někoho), přidržuji se (k někomu);ἐφ-έπομαι (τινὶ);89;ἐφέπω
stříbro;τὸ ἀργύριον, ου;89;ἀργύριον
mina, peněžní hodnota;ἡ μνᾶ, μνᾶς;89;μνᾶ
jakmile;ἐπάν (=ἐπειδάν);89;ἐπάν
Babylón;ἡ Βαβυλών, ῶνος;89;Βαβυλών
přicházím, přišel jsem, jsem tu;ἥκω;89;ἥκω
zřejmý, zjevný, patrný;δῆλος 3;89;δῆλος
zdali ... či ne;πότερον ... ἤ οὔ;89;πότερος
Menón;ὁ Μένων, ωνος;89;Μένων
kalich (dvouuchý), pohár, číše;ἡ κύλιξ, ικος;90;κύλιξ
klidný;εὔ-κολος 2;90;εὔκολος
jed;τὸ φάρμακον, ου;90;φάρμακον
vypíjím;ἐκ-πίνω;90;ἐκπίνω
duch, mysl;ὁ θυμός, οῦ;90;θυμός
padám;πίπτω;90;πίπτω
kazím, podplácím, uplacím;δια-φθείρω;90;διαφθείρω
upadám (do něčeho);περι-πίπτω (τινὶ);90;περιπίπτω
pozoruji, uvažuji;σκοπῶ, εῖν (i v med.);90;σκοπάω
od (+gen);παρά (+gen);90;παρά
mohu (+inf.);ἔχω (+inf.);90;ἔχω
neučený, nevědomý;ἀμαθής 2;90;ἀμαθής
škoda;ἡ βλάβη, ης;90;βλάβη
třicet tyrannů;οἱ τριάκοντα (τύραννοι);90;τριάκοντα
beru, chytám, zajímám, vybírám, volím;αἱρῶ, εῖν;90;αἱρέω
volím si;αἱροῦμαι, εῖσθαι;90;αἱρέω
strhuji, bořím;καθαιρῶ, εῖν;90;καθαιρέω
odstraňuji, ničím, usmrcuji;ἀναιρῶ, εῖν;90;ἀναιρέω
Cheirisofos, řecký vůdce;ὁ Χειρίσοφος, ου;90;Χειρίσοφος
velitel, vůdce;ὁ ἄρχων, ἄρχοντος;90;ἄρχω
tak veliký, v pl. tolik;τοσοῦτος, τοσαύτη, τοσοῦτο(ν);90;τοσοῦτος
sluší se, přísluší, je povinnost;προσ-ήκει;90;προσήκω
Amazonka;ἡ Ἀμαζών, όνος;91;Ἀμαζών
že;ὡς (=ὅτι);91;ὡς
zpět;πάλιν;91;πάλιν
odcházím, vracím se;ἀπ-έρχομαι;91;ἀπέρχομαι
tedy;τοίνυν;91;τοίνυν
předcházím, předstupuji;παρ-έρχομαι;91;παρέρχομαι
Sófroniskos (otec Sokrata);ὁ Σωφρονίσκος;91;Σωφρονίσκος
spatřuji;καθ-ορῶ, ᾶν;91;καθοράω
propouštím, nechávám minouti;παρ-ίημι;91;παρίημι
odbíhám, (pryč) utíkám);ἀπο-τρέχω;91;ἀποτρέχω
rámě, plece;ὁ ὦμος, ὤμου;91;ὦμος
vynáším;ἐκ-φέρω;91;ἐκφέρω
vojenský, válečný (spolek);ἡ ὁμαιχμία, ας;91;ὁμαιχμία
později;ἔπειτα;91;ἔπειτα
roznáším, rozdvojuji;δια-φέρω;91;διαφέρω
rozdvojuji se, různím se, svářím se;δια-φέρομαι;91;διαφέρω
téměř, skoro (vše), asi;σκεδόν;91;σκεδόν
jídlo, potravina;τὸ σιτίον (= ὁ σῖτος);91;σιτέομαι
nápoj;τὸ ποτόν, οῦ;91;ποτόν
jím;ἐσθίω;91;ἐσθίω
způsobilý k pití;ποτέος (adv. verbální k πίνω) 3;91;ποτέος
vlaštovka;ἡ χελιδών, όνος;91;χελιδών
(roční) doba, období, jaro;ἡ ὥρα, ας;91;ὁράω
rok, čas;ὁ ἐνιαυτός, οῦ;91;ἐνιαυτός
záda, hřbet (obyčejně v pl.);τὸ νῶτον, ου;91;νῶτον
na (kde?) (+akuz.);ἐπί (+akuz.);91;ἐπί
břicho, bříško;ἡ γαστήρ, τρός;91;γαστήρ
myš;ὁ μῦς, μυός;92;μῦς
ústa, tlama;τὸ στόμα, ατος;92;στόμα
vbíhám;ἐπι-τρέχω;92;ἐπιτρέχω
polapuji, chytám;συλ-λαμβάνω;92;συλλαμβάνω
prokazuji vděčnost, vzdávám dík;τίνω χάριν;92;τίνω
směji se, usmívám se;γελῶ, ᾶν;92;γελάω
zanedlouho potom;ὀλίγῳ χρόνῳ ὕστερον;92;ὀλίγος
lovec;ὁ κυνηγός, οῦ;92;κυνηγός
lano, provaz (att. deklinace);ὁ κάλως, κάλω;92;κάλως
u, k (+dat.);ἐπί (+dat.);92;ἐπί
tehdy, tenkráte;τηνικαῦτα;92;τηνικαῦτα
sténám, vzdychám;στένω;92;στένω
přibíhám;προσ-τρέχω;92;προστρέχω
ohryzuji, ohlodávám;περι-τρώγω;92;περιτρώγω
vysmívám se (+gen);καταλεγῶ, ᾶν (+gen.);92;καταλέγω
odplata;ἡ ἀμοιβή, ῆς;92;ἀμοιβή
odnáším, med. odnáším si, dostávám;κομίζω;92;κομίζω
