Čeština;Ruština;Řečtina;Cvičení;LSJ;Flexe
kůň;конь, лошадь;ὁ ἵππος, ου;2;ἵππος;ἵππος
běžím, pádím;бегу, мчусь;τρέχω;2;τρέχω;τρέχω
dobře;хорошо;εὖ;2;εὖ;εὖ
přítel, druh;приятель, друг;ὁ φίλος, ου;2;φίλος;φίλος
slovo, řeč;слово, речь;ὁ λόγος, ου;2;λόγος;λόγος
věrný, spolehlivý;верный, надежный;πιστός 3;2;πιστός;πιστός
jest, je;он/она/оно есть (является);ἐστί(ν);2;εἰμί;εἰμί
důvěřuji;Я доверяю;πιστεύω;2;πιστεύω;πιστεύω
miluji, mám rád;Я люблю, мне нравится;στέργω;2;στέργω;στέργω
jsou;они суть (= есть);εἰσί(ν);2;εἰμί;εἰμί
můj;мой;ἐμός;2;ἐμός;ἐμός
je třeba;нужно;δεῖ;2;δεῖ;δεῖ
vychovávám;Я воспитываю;παιδεύω;2;παιδεύω;παιδεύω
řeka;Река;ὁ ποταμός, οῦ;3;ποταμός;ποταμός
překračuji;Я перехожу;δια-βαίνω;3;διαβαίνω;διαβαίνω
tvůj;твой;σός;3;σός;σός
námaha, práce;усилие/труд, работа;ὁ πόνος, ου;3;πόνος;πόνος
ne (záporka u impt. praes.);нет (отрицание в императиве през.);μή;3;μή;μή
utíkám před, vyhýbám se;Я убегаю от, я избегаю;φεύγω (s ak.);3;φεύγω;φεύγω
vyhýbati se námaze;избегать труда;τὸν πόνον φεύγειν;3;φεύγω;φεύγω
váš;ваш;ὑμέτερος;3;ὑμέτερος;ὑμέτερος
sice - ale;хоть - но;μέν - δέ;3;μέν;μέν
nepřítel (osobní);Враг (личный);ὁ ἐχθρός, οῦ;3;ἐχθρός;ἐχθρός
a, i, také;и, а также, тоже;καί;3;καί;καί
otrok, sluha;раб, слуга;ὁ δοῦλος, δούλου;3;δοῦλος;δοῦλος
ne (záporka u ind.);нет (отрицание в индикативе);οὐ/οὐκ/οὐχ;3;οὐ;οὐ
píši;Я пишу;γράφω;3;γράφω;γράφω
vedu, přivádím;Я веду, я привожу;ἄγω;4;ἄγω;ἄγω
od;от, из;ὑπό (s gen.);4;ὑπό;ὑπό
cvičím;я тренирую(сь)/упражняю(сь);γυμνάζω;4;γυμνάζω;γυμνάζω
připravuji, chystám;я готовлю, я подготавливаю;παρα-σκευάζω;4;παρασκευάζω;παρασκευάζω
pokrm;пища/еда;ὁ σῖτος, σίτου;4;σῖτος;σῖτος
učitel;учитель;ὁ διδάσκαλος, ου;4;διδάσκαλος;διδάσκαλος
nový, mladý, čerstvý;новый, молодой, свежий;νέος 3;4;νέος;νέος
mladí (lidé), mládež;молодые (люди), молодежь;οἱ νέοι;4;νέος;νέος
nyní;ныне/нынче/нонче ;νῦν;4;νῦν;νῦν
nynější;современный, нынешний;ὁ νῦν;4;νῦν;νῦν
člověk;человек;ὁ ἄνθρωπος, ἀνθρώπου;4;ἄνθρωπος;ἄνθρωπος
podivuji se, obdivuji;Я удивляюсь, я восхищаюсь;θαυμάζω;4;θαυμάζω;θαυμάζω
jsem obdivován, docházím obdivu;мною восхищаются, прихожу в восторг;θαυμάζομαι;4;θαυμάζω;θαυμάζω
Homér;Гомер;ὁ Ὅμηρος, Ὁμήρου;4;Ὅμηρος;Ὅμηρος
dítě;дитя/ребенок;τὸ τέκνον, ου;5;τέκνον;τέκνον
dar;подарок/дар;τὸ δῶρον, δώρου;5;δῶρον;δῶρον
nesu, snáším, trpím;Я несу, я терплю, я страдаю;φέρω;5;φέρω;φέρω
bojuji proti;я сражаюсь против;μάχομαι (s dat.);5;μάχομαι;μάχομαι
od;от, из;ἀπό (s gen.);5;ἀπό;ἀπό
nepřítel (válečný);враг (военный);ὁ πολέμιος, ου;5;πολέμιος;πολέμιος
krásný;Красивый;καλός 3;5;καλός;καλός
nejen - ale i;не только - но и;οὐ μόνον - ἀλλὰ καί;5;οὐ;οὐ
táhnu, pochoduji;передвигаюсь, идти;πορεύομαι;5;πορεύω;πορεύω
bojuji proti nepřátelům;Я сражаюсь с врагами;μάχομαι τοῖς πολεμίοις;5;μάχομαι;μάχομαι
jho, jařmo;иго/ярмо;τὸ ζυγόν, οῦ;5;ζυγόν;ζυγόν
náš;наш;ἡμέτερος;5;ἡμέτερος;ἡμέτερος
ale, avšak;но, однако;ἀλλά;5;ἀλλά;ἀλλά
vítězství;Победа;ἡ νίκη, ης;6;νίκη;νίκη
čest, pocta;честь, почет;ἡ τιμή, ῆς;6;τιμή;τιμή
z;с/из;ἐκ, ἐξ (s gen.);6;ἐκ;ἐκ
lid;народ;ὁ δῆμος, ου;6;δῆμος;δῆμος
vojevůdce;главнокомандующий;ὁ στρατηγός, οῦ;6;στρατηγός;στρατηγός
těším se, raduji se;я радуюсь;χαίρω (s dat.);6;χαίρω;χαίρω
těším se z vítězství;я радуюсь победе;χαίρω τῇ νίκῃ;6;χαίρω;χαίρω
mír;мир (в плане отсутствия вражды);ἡ εἰρήνη, ης;6;εἰρήνη;εἰρήνη
milý, drahý, vzácný, vítaný;милый, дорогой, ценный, желанный;φίλος 3;6;φίλος;φίλος
vždy, stále;всегда, постоянно/всё время;ἀεί;6;ἀεί;ἀεί
Buď zdráv! Buď vítán!;здравствуй;χαῖρε!;6;χαίρω;χαίρω
píseň, zpěv;песнь, пение;ἡ ᾠδή, ῆς;6;ἀοιδή;ἀοιδή
zpívám;Я пою;ᾄδω;6;ἀείδω;ἀείδω
měsíc (luna);месяц (луна);ἡ σελήνη, ης;7;σελήνη;σελήνη
koule;шар;ἡ σφαῖρα, ας;7;σφαῖρα;σφαῖρα
slunce;солнце;ὁ ἥλιος, ἡλίου;7;ἥλιος;ἥλιος
svatyně;святилище;τὸ ἱερόν, οῦ;7;ἱερόν;ἱερόν
bohyně;богиня;ἡ θεά, ᾶς;7;θεά;θεά
Athéna;Афина;ἡ Ἀθηνᾶ, ᾶς;7;Ἀθήνη;Ἀθήνη
bohyně Athéna;богиня Афина;Ἀθηνᾶ ἡ θεά;7;Ἀθήνη;Ἀθήνη
Athéňané;Афиняне;οἱ Ἀθηναῖοι, ων;7;Ἀθηναῖος;Ἀθηναῖος
země;страна;ἡ χώρα, ας;7;χώρα;χώρα
o;o;περί (s gen.);7;περί;περί
boj, bitva;бой, битва;ἡ μάχη, ης;7;μάχη;μάχη
chráním, ochraňuji;я храню, защищаю;σῴζω;7;σώζω;σώζω
příbytek;жилище, дом;ἡ οἰκία, ας;7;οἰκία;οἰκία
mužný, statečný, smělý;мужественный, храбрый, смелый;ἀνδρεῖος 3;8;ἀνδρεῖος;ἀνδρεῖος
vojsko;Армия;ἡ στρατιά, ᾶς;8;στρατία;στρατία
drahocenný, vzácný, vážený;драгоценный, редкий, уважаемый;τίμιος 3;8;τίμιος;τίμιος
je ctěn, je vážen, je ve vážnosti;его почитают, его уважают, его высоко ценят;τίμιός ἐστιν;8;τίμιος;τίμιος
byl;он/она/оно был;ἦν;8;εἰμί;εἰμί
byli;они были;ἦσαν;8;εἰμί;εἰμί
smrt;смерть;ὁ θάνατος, ου;8;θάνατος;θάνατος
veliký, dlouhý;большой, длинный;μακρός 3;8;μακρός;μακρός
spánek;Сон;ὁ ὕπνος, ου;8;ὕπνος;ὕπνος
jmenuji, nazývám;Я называю;ὀνομάζω;8;ὀνομάζω;ὀνομάζω
útěk;бегство;ἡ φυγή, ῆς;8;φυγή;φυγή
počátek, vláda, úřad, říše;начало, власть, ведомство, империя;ἡ ἀρχή, ῆς;8;ἀρχή;ἀρχή
svoboda;свобода;ἡ ἐλευθερία, ᾶς;8;ἐλευθερία;ἐλευθερία
moudrý;мудрый;σοφός 3;8;σοφός;σοφός
Héra;Гера;ἡ Ἥρα, ας;8;Ἥρα;Ἥρα
dobrý;добрый/хороший;ἀγαθός 3;8;ἀγαθός;ἀγαθός
zlý, špatný;злой, плохой;κακός 3;9;κακός;κακός
jazyk, nářečí, řeč;язык, диалект, речь;ἡ γλῶττα, ης;9;γλῶσσα;γλῶσσα
často;часто;πολλάκις;9;πολλάκις;πολλάκις
hrozný, strašný;ужасный, страшный;δεινός 3;9;δεινός;δεινός
říkám, mluvím;Я говорю;λέγω;9;λέγω;λέγω
krásně, správně;красиво, правильно;καλῶς;9;καλός;καλός
buď!;Будь! (пожелание) ;ἴσθι!;9;εἰμί;εἰμί
mírný, skromný;умеренный, скромный;μέτριος 3;9;μέτριος;μέτριος
spravedlivý;справедливый;δίκαιος 3;9;δίκαιος;δίκαιος
jestliže, -li;если, ли;εἰ;9;εἰ;εἰ
že;что;ὅτι;9;ὅτι;ὅτι
skvělý;отличный;λαμπρός 3;9;λαμπρός;λαμπρός
sláva;слава;ἡ δόξα, ης;9;δόξα;δόξα
moře;море;ἡ θάλαττα, ης;9;θάλασσα;θάλασσα
nebezpečí;опасность;ὁ κίνδυνος, ου;9;κίνδυνος;κίνδυνος
nebezpečí na moři;опасности на море;τῆς θαλάττης κίνδυνος;9;κίνδυνος;κίνδυνος
mladík;молодой человек;ὁ νεανίας, ου;10;νεανίας;νεανίας
Atreovec;Атрид;ὁ Ἀτρείδης, ου;10;Ἀτρείδης;Ἀτρείδης
básník;поэт;ὁ ποιητής, οῦ;10;ποιητής;ποιητής
slepý;Слепой;τυφλός 3;10;τυφλός;τυφλός
smrtelný, pomíjející;смертный, эфемерный/преходящий;θνητός 3;10;θνητός;θνητός
cesta;путь;ἡ ὁδός, οῦ;10;ὁδός;ὁδός
snadný, lehký;простой, лёгкий;ῥᾴδιος 3;10;ῥᾴδιος;ῥᾴδιος
přímý, správný;прямой, правильный;ὀρθός 3;10;ὀρθός;ὀρθός
malý, krátký;маленький, короткий;μικρός 3;10;μικρός;μικρός
Egypt;Египет;ἡ Αἴγυπτος, ου;10;Αἴγυπτος;Αἴγυπτος
bohatý;богатый;πλούσιος 3;10;πλούσιος;πλούσιος
oliva;олива;ἡ ἐλαία, ας;11;ἐλαία;ἐλαία
věnec;венок;ὁ στέφανος, ου;11;στέφανος;στέφανος
olivový věnec;оливковый венок;ἐλαίας στεφάνος;11;ἐλαία;ἐλαία
po;после;μετά (s ak.);11;μετά;μετά
u, v;у, в;ἐν (s dat.);11;ἐν;ἐν
Thermopyly;Фермопилы;αἱ Θερμοπύλαι, ῶν;11;Θερμοπύλαι;Θερμοπύλαι
k, pro, vzhledem k;к, для, ввиду/вследствие;πρός (s ak.);11;πρός;πρός
Xerxés;Ксеркс;ὁ Ξέρξης, ου;11;Ξέρξης;Ξέρξης
Arkádie;Аркадия;ἡ Ἀρκαδία, ας;11;Ἀρκαδία;Ἀρκαδία
Peršané;Персы;οἱ Πέρσαι, ῶν;11;Πέρσης;Πέρσης
Peršan;Перс;ὁ Πέρσης, ου;11;Πέρσης;Πέρσης
olympijské hry;Олимпийские игры;τὰ Ὀλύμπια, ων;11;Ὀλύμπια;Ὀλύμπια
konati olympijské hry;проводить Олимпийские игры;Ὀλύμπια ἄγειν;11;Ὀλύμπια;Ὀλύμπια
zlato;Золото;ὁ χρυσός, οῦ;11;χρυσός;χρυσός
mzda, odměna;зарплата, вознаграждение;ὁ μισθός, οῦ;11;μισθός;μισθός
tedy;тогда (= значит);οὖν;11;οὖν;οὖν
okolo (s ak.);вокруг (в акузативе);ἀμφί;11;ἀμφί;ἀμφί
za (s dat.);за (в дативе);ἐπί;11;ἐπί;ἐπί
ctnost, ušlechtilost, statečnost;добродетель, благородство, храбрость;ἡ ἀρετή, ῆς;11;ἀρετή;ἀρετή
před;перед/пред;πρό (s gen.);12;πρό;πρό
čin, dílo, úkol;подвиг, дело, задача;τὸ ἔργον, ου;12;ἔργον;ἔργον
radím se;Я советуюсь;βουλεύομαι;12;βουλεύω;βουλεύω
potom;потом;ἔπειτα;12;ἔπειτα;ἔπειτα
konám, jednám;я делаю, действую;πράττω;12;πράσσω;πράσσω
nikdy;никогда;οὔποτε;12;οὔποτε;οὔποτε
nikdy (při zákazu);никогда (при запрете);μήποτε;12;μήποτε;μήποτε
chci, hodlám, váhám;Я хочу, я намереваюсь, я колеблюсь;μέλλω;12;μέλλω;μέλλω
neschůdný;непроходимый;ἄβατος 2;12;ἄβατος;ἄβατος
cizí, barbarský, nevzdělaný;иностранный, варварский, необразованный;βάρβαρος 2;12;βάρβαρος;βάρβαρος
rozumný;умный;φρόνιμος 2;12;φρόνιμος;φρόνιμος
zkušený, znalý;опытный, знающий;ἔμπειρος 2;12;ἔμπειρος;ἔμπειρος
pevný;крепкий, надежный;βέβαιος 3, 2;12;βέβαιος;βέβαιος
nůž, meč;нож, меч;ἡ μάχαιρα, ας;12;μάχαιρα;μάχαιρα
mám;Я имею, у меня есть;ἔχω;12;ἔχω;ἔχω
silný, mocný;сильный, могущественный;ἰσχυρός 3;12;ἰσχυρός;ἰσχυρός
kéž;о (ах) если бы;εἴθε;13;εἴθε;εἴθε
rád;радостный (= рад), довольный;ἄσμενος 3;13;ἄσμενος;ἄσμενος
podstupuji;я твердо стою, выдерживаю;ὑπο-μένω;13;ὑπομένω;ὑπομένω
občan;гражданин;ὁ πολίτης, ου;13;πολίτης;πολίτης
zákon;Закон;ὁ νόμος, ου;13;νόμος;νόμος
střežím, hlídám;я сторожу, охраняю;φυλάττω;13;φυλάσσω;φυλάσσω
odvracím;я отвращаю;ἀπο-τρέπω;13;ἀποτρέπω;ἀποτρέπω
válka, boj;война, борьба;ὁ πόλεμος, ου;13;πόλεμος;πόλεμος
soudím;Я сужу;κρίνω;13;κρίνω;κρίνω
stávám se, vznikám;Я становлюсь, я возникаю;γίγνομαι;13;γίγνομαι;γίγνομαι
Pýthie;Пифия;ἡ Πυθία, ας;13;Πύθιος;Πύθιος
Kroisos;Крез;ὁ Κροῖσος, ου;13;Κροῖσος;Κροῖσος
věštím;Я вещаю/прорицаю/предсказываю;μαντεύομαι;13;μαντεύομαι;μαντεύομαι
ruším, ničím;Я разрушаю, я уничтожаю;κατα-λύω;13;καταλύω;καταλύω
obtížný, nesnadný;трудный, нелегкий;χαλεπός 3;14;χαλεπός;χαλεπός
čas;Время;ὁ χρόνος, ου;14;χρόνος;χρόνος
zbavuji se;Избавляюсь;ἀπο-λύομαι (s gen.);14;ἀπολύω;ἀπολύω
pomluva;клевета;ἡ διαβολή, ῆς;14;διαβολή;διαβολή
vybízím;я предлагаю;παρα-κελεύομαι (s dat.);14;παρακελεύομαι;παρακελεύομαι
voják;Солдат;ὁ στρατιώτης, ου;14;στρατιώτης;στρατιώτης
radím;Советую;συμ-βουλεύω (s dat.);14;συμβουλεύω;συμβουλεύω
bratr;брат;ὁ ἀδελφός, οῦ;14;ἀδελφός;ἀδελφός
považuji, domnívám se;я считаю, полагаю;νομίζω;14;νομίζω;νομίζω
zakazuji;Я запрещаю;ἀπ-αγορεύω;14;ἀπαγορεύω;ἀπαγορεύω
zabíjím;Я убиваю;φονεύω;14;φονεύω;φονεύω
Sparťané;спартиаты;οἱ Σπαρτιᾶται, ῶν;14;Σπαρτιάτης;Σπαρτιάτης
přemlouvám;я переубеждаю;πείθω (s ak.);14;πείθω;πείθω
poslouchám, věřím, nechávám se přemluvit;Я слушаю, я верю, я позволяю себя убедить.;πείθομαι (s dat.);14;πείθω;πείθω
učím se něčemu;я что-то учу;μανθάνω (s ak.);14;μανθάνω;μανθάνω
vládnu;Я правлю;ἄρχω;14;ἄρχω;ἄρχω
dobrý, statečný v boji;хороший, храбрый в бою;ἀγαθὸς μάχεσθαι;14;ἀγαθός;ἀγαθός
staří, dávní;старые, давние;οἱ παλαιοί, ῶν;14;παλαιός;παλαιός
svěřuji;я поручаю;ἐπι-τρέπω;14;ἐπιτρέπω;ἐπιτρέπω
škodím;Я причиняю вред;βλάπτω;15;βλάπτω;βλάπτω
domnívám se;я полагаю;ὑπο-λαμβάνω;15;ὑπολαμβάνω;ὑπολαμβάνω
okolo;около;περί (s ak.);15;περί;περί
otáčím, překrucuji;поворачиваю, переворачиваю;στρέφω;15;στρέφω;στρέφω
posel;вестник;ὁ ἄγγελος, ου;15;ἄγγελος;ἄγγελος
oznamuji, zvěstuji;Я объявляю, я извещаю;ἀγγέλλω;15;ἀγγέλλω;ἀγγέλλω
přicházím, blížím se;Я прихожу, приближаюсь;προσ-έρχομαι;15;προσέρχομαι;προσέρχομαι
spojenec;союзник;ὁ σύμμαχος, ου;15;σύμμαχος;σύμμαχος
pomáhám;Я помогаю;συμ-πράττω (s dat.);15;συμπράσσω;συμπράσσω
více - než;больше - чем;μᾶλλον - ἤ;15;μάλα;μάλα
železo;Железо;ὁ σίδηρος, ου;15;σίδηρος;σίδηρος
strážce;страж;ὁ φύλαξ, κος;16;φύλαξ;φύλαξ
barbar, cizinec, Neřek;Варвар, Чужой, не грек;ὁ βάρβαρος, ου;16;βάρβαρος;βάρβαρος
šik;строй, фаланга;ἡ φάλαγξ, γος;16;φάλαγξ;φάλαγξ
pochlebník;Льстец;ὁ κόλαξ, κος;16;κόλαξ;κόλαξ
sup;коршун;ὁ γύψ, γυπός;16;γύψ;γύψ
vlas;волос;ἡ θρίξ, τριχός;16;θρίξ;θρίξ
vládnu někomu, nad;я правлю/управляю;ἄρχω;16;ἄρχω;ἄρχω
opouštím;Я ухожу, я покидаю;ἀπο-λείπω;16;ἀπολείπω;ἀπολείπω
ani;ни;οὐδέ;16;οὐδέ;οὐδέ
první;первый;πρῶτος 3;16;πρότερος;πρότερος
řadím;строю (ряд);τάττω;16;τάσσω;τάσσω
žena;Женщина;ἡ γυνή, γυναικός;16;γυνή;γυνή
mlčení;молчание;ἡ σιγή, ῆς;16;σιγή;σιγή
ozdoba;украшение;ὁ κόσμος, ου;16;κόσμος;κόσμος
pronásleduji;Я преследую;διώκω;16;διώκω;διώκω
lehkooděnec;легковооруженный;ὁ γυμνής, ῆτος;17;γυμνής;γυμνής
duše;душа;ἡ ψυχή, ῆς;17;ψυχή;ψυχή
naděje;Надежда;ἡ ἐλπίς, ίδος;17;ἐλπίς;ἐλπίς
živím, vydržuji, vychovávám;я кормлю, я содержу, я воспитываю;τρέφω;17;τρέφω;τρέφω
tělo;Тело;τὸ σῶμα, ατος;17;σῶμα;σῶμα
štít;щит;ἡ ἀσπίς, ίδος;17;ἀσπίς;ἀσπίς
vlast;родина;ἡ πατρίς, ίδος;17;πατρίς;πατρίς
báseň;стихотворение;τὸ ποίημα, ατος;17;ποίημα;ποίημα
slyším, poslouchám;Я слышу, я слушаю;ἀκούω;17;ἀκούω;ἀκούω
skutek, čin, věc;поступок, подвиг, вещь/дело;τὸ πρᾶγμα, ατος;17;πρᾶγμα;πρᾶγμα
obtížné poměry, obtížné postavení;трудные обстоятельства, трудное положение;τὰ χαλεπὰ πράγματα;17;χαλεπός;χαλεπός
chlapec (dívka);мальчик (девочка);ὁ (ἡ) παῖς, παιδός;18;παῖς;παῖς
noha;нога;ὁ πούς, ποδός;18;πούς;πούς
kráčím, jdu;я шагаю, я иду;βαίνω;18;βαίνω;βαίνω
ucho;ухо;τὸ οὖς, ὠτός;18;οὖς;οὖς
noc;ночь;ἡ νύξ, νυκτός;18;νύξ;νύξ
v noci;ночью;νυκτός (gen. času);18;νύξ;νύξ
mléko;Молоко;τὸ γάλα, ακτος;18;γάλα;γάλα
Artemis;Артемида;ἡ Ἄρτεμις, ιδος;18;Ἄρτεμις;Ἄρτεμις
přilba;шлем;ἡ κόρυς, θος;18;κόρυς;κόρυς
kopí, dřevce;копьё, древко;τὸ δόρυ, δόρατος;18;δόρυ;δόρυ
vděk;благодарность;ἡ χάρις, χάριτος;18;χάρις;χάρις
svár;ссора;ἡ ἔρις, ἔριδος;18;ἔρις;ἔρις
plodím, rodím;я пложу, рождаю;τίκτω;18;τίκτω;τίκτω
pták;птица;ὁ (ἡ) ὄρνις, ὄρνιθος;18;ὄρνις;ὄρνις
voda;вода;τὸ ὕδωρ, ὕδατος;18;ὕδωρ;ὕδωρ
piji;Я пью;πίνω;18;πίνος;πίνος
stařec;старик;ὁ γέρων, οντος;19;γέρων;γέρων
obr;великан/гигант;ὁ γίγας, αντος;19;γίγας;γίγας
Gigant;Гигант;ὁ Γίγας, αντος;19;Γίγας;Γίγας
bůh;Бог;ὁ θεός, οῦ;19;θεός;θεός
přísloví;пословица;ἡ παροιμία, ας;19;παροιμία;παροιμία
rada;Совет;ἡ βουλή, ῆς;19;βουλή;βουλή
lev;Лев;ὁ λέων, οντος;19;λέων;λέων
zub;зуб;ὁ ὀδούς, όντος;19;ὀδούς;ὀδούς
všechen, celý, každý;весь, целый, каждый;πᾶς, πᾶσα, πᾶν;19;πᾶς;πᾶς
je povinností ženy;есть обязаностью женщины;τῆς γυναικός ἐστιν;19;γυνή;γυνή
dobro;добро;τὸ ἀγαθόν, οῦ;19;ἀγαθός;ἀγαθός
vinný, původce, příčina;виновник, зачинщик, причина;αἴτιος 3;19;αἴτιος;αἴτιος
užitečný, prospěšný;полезный, приносящий пользу;χρήσιμος 3, 2;19;χρήσιμος;χρήσιμος
učím někoho;Я учу кого-то;διδάσκω (s ak.);20;διδάσκω;διδάσκω
poklad;Сокровище;ὁ θησαυρός, οῦ;20;θησαυρός;θησαυρός
Alexandros;Александр ;ὁ Ἀλέξανδρος, ου;20;Ἀλέξανδρος;Ἀλέξανδρος
táhnu, podnikám výpravu;Я иду войной, я совершаю поход;στρατεύομαι;20;στρατεύω;στρατεύω
proti;против;ἐπί (s ak.);20;ἐπί;ἐπί
Řecko;Греция;ἡ Ἑλλάς, άδος;20;Ἑλλάς;Ἑλλάς
Miltiadés;Мильтиад;ὁ Μιλτιάδης, ου;20;Μιλτιάδης;Μιλτιάδης
již;Уже;ἤδη;20;ἤδη;ἤδη
ještě;еще, все еще;ἔτι;20;ἔτι;ἔτι
mlčím, zachovávám mlčení;Я молчу, я сохраняю молчание;σιγὴν ἔχω;20;σιγή;σιγή
sůl;соль;ὁ ἅλς, ἁλός;21;ἅλς;ἅλς
život;Жизнь;ὁ βίος, ου;21;βίος;βίος
nutný;необходимый;ἀναγκαῖος 3;21;ἀναγκαῖος;ἀναγκαῖος
někteří;некоторые;ἔνιοι 3;21;ἔνιοι;ἔνιοι
zvíře;животное;ὁ θήρ, θηρός;21;θήρ;θήρ
řečník;ритор/оратор;ὁ ῥήτωρ, ορος;21;ῥήτωρ;ῥήτωρ
jaro;весна;τὸ ἦρ, ἦρος;21;ἔαρ;ἔαρ
svědek;Свидетель;ὁ μάρτυς, υρος;21;μάρτυς;μάρτυς
přivádím;Я привожу;προσ-άγω;21;προσάγω;προσάγω
do;до/к;εἰς (s ak.);21;εἰς;εἰς
opouštím, zanechávám;Я ухожу, я оставляю;κατα-λείπω;21;καταλείπω;καταλείπω
obracím se;я обращаюсь;τρέπομαι;21;τρέπω;τρέπω
kam?;куда?;ποῖ;21;ποῖ;ποῖ
otec;отец;ὁ πατήρ, πατρός;22;πατήρ;πατήρ
sláva;слава;ἡ εὔκλεια, ας;22;εὔκλεια;εὔκλεια
jsem vděčen, chovám vděčnost;Я благодарен, питаю благодарность;χάριν ἔχω;22;χάρις;χάρις
matka;мать;ἡ μήτηρ, μητρός;22;μήτηρ;μήτηρ
Persefoné;Персефона;ἡ Περσεφόνη, ης;22;Φερσέφασσα;Φερσέφασσα
Démétér;Деметра;ἡ Δημήτηρ, τρος;22;Δημήτηρ;Δημήτηρ
dcera;дочь;ἡ θυγάτηρ, τρός;22;θυγάτηρ;θυγάτηρ
ruka;рука;ἡ χείρ, ρός;22;χείρ;χείρ
myji;мою;νίζω;22;νίζω;νίζω
žaludek;желудок;ἡ γαστήρ, τρός;22;γαστήρ;γαστήρ
otročím, sloužím;я рабствую, я служу;δουλεύω;22;δουλεύω;δουλεύω
muž;мужчина;ὁ ἀνήρ, δρός;22;ἀνήρ;ἀνήρ
kdysi, jednou;когда-то, однажды;ποτέ;22;ποτέ;ποτέ
zdrženlivost, střídmost;сдержанность, умеренность;ἡ ἐγκράτεια, ας;23;ἐγκράτεια;ἐγκράτεια
když;когда;ὅτε;23;ὅτε;ὅτε
s, se;с;σύν (s dat.);23;σύν;σύν
skrze;через/сквозь;διά (s gen.);23;διά;διά
bez vody;без воды;ἄνυδρος 2;23;ἄνυδρος;ἄνυδρος
tísním, soužím;я угнетаю, я мучаю;πιέζω;23;πιέζω;πιέζω
žízeň;Жажда;ἡ δίψα, ης;23;δίψα;δίψα
tu tedy;здесь-то;ἔνθα δή;23;ἔνθα;ἔνθα
plný;полный;μεστός 3;23;μεστός;μεστός
přináším;Я приношу;προσ-φέρω;23;προσφέρω;προσφέρω
ten pak, a on;этот же, и он;ὁ δέ;23;δέ;δέ
beru, přijímám, dostávám;Я беру, я принимаю, я получаю;λαμβάνω;23;λαμβάνω;λαμβάνω
jediný, samotný;единственный, один;μόνος 3;23;μόνος;μόνος
okouším, prožívám;Я пробую, я испытываю;ἀπο-λαύω (s gen.);23;ἀπολαύω;ἀπολαύω
chci;Я хочу;βούλομαι;23;βούλομαι;βούλομαι
obracím, převracím;опрокидывать, переворачиваю;ἀνα-τρέπω;23;ἀνατρέπω;ἀνατρέπω
poznávám;Я познаю;γιγνώσκω;23;γιγνώσκω;γιγνώσκω
ani - ani;ни - ни;οὔτε - οὔτε;23;οὔτε;οὔτε
poroučím, vybízím;Я приказываю, я предлагаю;κελεύω;23;κελεύω;κελεύω
znepokojuji, děsím;Я тревожу, я пугаю;ταράττω;23;ταράσσω;ταράσσω
tak;так;οὕτω(ς);23;οὕτω(ς);οὕτω(ς)
horlivý, snaživý;усердный, старательный;σπουδαῖος 3;24;σπουδαῖος;σπουδαῖος
pracuji;Я работаю;ἐργάζομαι;24;ἐργάζομαι;ἐργάζομαι
co (u superlativu);что (для превосходной степени);ὡς, ὅτι;24;ὡς;ὡς
tento;вот этот;ὅδε;24;ὅδε;ὅδε
ten;этот;οὗτος;24;οὗτος;οὗτος
onen;тот/оный(устар.);ἐκεινος;24;ἐκεινος;ἐκεινος
chvála;(По)хвала;ὁ ἔπαινος, ου;24;ἔπαινος;ἔπαινος
hodný (něčeho);достойный (чего-либо);ἄξιος 3;24;ἄξιος;ἄξιος
a ne;и не/a не;μηδέ;24;μηδέ;μηδέ
lék;лекарство;τὸ φάρμακον, ου;24;φάρμακον;φάρμακον
prospěšný;полезный;ὠφέλιμος 2, 3;24;ὠφέλιμος;ὠφέλιμος
chci;Я хочу;ἐθέλω;24;ἐθέλω;ἐθέλω
sám;сам;αὐτός;24;αὐτός;αὐτός
týž;тот же;ὁ αὐτός;24;αὐτός;αὐτός
jiný;другой, иной;ἄλλος;24;ἄλλος;ἄλλος
ostatní;остальные, другие;οἱ ἄλλοι;24;ἄλλος;ἄλλος
tak veliký (v pl. tolik);столь большой (pl. столько);τοσόσδε;24;τοσόσδε;τοσόσδε
jak veliký (v pl. kolik);сколь большой (pl. сколько);ὅσος;24;ὅσος;ὅσος
hrozný, strašný;ужасный, страшный;φοβερός 3;24;φοβερός;φοβερός
každý;каждый;ἕκαστος 3;24;ἕκαστος;ἕκαστος
moudrost;Мудрость;ἡ σοφία, ας;24;σοφία;σοφία
statek;имущество;τὸ κτῆμα, ατος;24;κτῆμα;κτῆμα
oko;глаз;ὁ ὀφθαλμός, οῦ;24;ὀφθαλμός;ὀφθαλμός
nespolehlivý;Ненадежный;ἄπιστος 2;24;ἄπιστος;ἄπιστος
nestřídmost;невоздержанность;ἡ ἀκράτεια, ας;24;ἀκράτεια;ἀκράτεια
škodlivý;вредный;βλαβερός 3;24;βλαβερός;βλαβερός
než;чем;ἤ;24;ἤ;ἤ
rád;добровольный;ἑκών 3;24;ἑκών;ἑκών
strojím úklady;я строю козни;ἐπι-βουλεύω;24;ἐπιβουλεύω;ἐπιβουλεύω
rozkoš;наслаждение/блаженство;ἡ ἡδονή, ῆς;24;ἡδονά;ἡδονά
Kýros;Кир ;ὁ Κῦρος, ου;24;Κῦρος;Κῦρος
místo, proti;вместо, против;ἀντί (s gen.);24;ἀντί;ἀντί
kraluji, vládnu;Я царствую, я правлю;βασιλεύω (s gen.);24;βασιλεύω;βασιλεύω
jméno;Имя;τὸ ὄνομα, ατος;24;ὄνομα;ὄνομα
předkové;предки;οἱ πρό-γονοι, ων;24;πρόγονος;πρόγονος
strach;страх;ὁ φόβος, ου;24;φόβος;φόβος
naháním strach;я нагоняю страх;ἐμ-βάλλω φόβον;24;ἐμβάλλω;ἐμβάλλω
způsob;способ;ὁ τρόπος, ου;24;τρόπος;τρόπος
jiným způsobem;по-другому, другим способом;ἄλλον τρόπον;24;ἄλλος;ἄλλος
já;я;ἐγώ;25;ἐγώ;ἐγώ
ty;ты;σύ;25;σύ;σύ
my;мы;ἡμεῖς;25;ἐγώ;ἐγώ
vy;Вы;ὑμεῖς;25;σύ;σύ
s;с;μετά (s gen.);25;μετά;μετά
starám se, pečuji;Я забочусь;ἐπι-μέλομαι;25;ἐπιμελέομαι;ἐπιμελέομαι
příliš;слишком;ἄγαν;25;ἄγαν;ἄγαν
neboť, totiž;ибо, ведь/так как/а именно/дело в том, что;γάρ;25;γάρ;γάρ
viklám, přivádím do záhuby;я разшатываю, привожу к гибели;σφάλλω;25;σφάλλω;σφάλλω
sebe vespolek, navzájem;друг друга, взаимно;ἀλλήλων;25;ἀλλήλων;ἀλλήλων
včela;пчела;ἡ μέλιττα, ης;25;μέλισσα;μέλισσα
občas;иногда;ἐνίοτε;25;ἐνίοτε;ἐνίοτε
bodec, žihadlo;жало;τὸ κέντρον, ου;25;κέντρον;κέντρον
zraňuji;Я раню;τιτρώσκω;25;τιτρώσκω;τιτρώσκω
trpký;Горький;πικρός 3;25;πικρός;πικρός
za;за;ὑπέρ (s gen.);25;ὑπέρ;ὑπέρ
za vlast;За родину;ὑπὲρ τῆς πατρίδος;25;ὑπέρ;ὑπέρ
Řek, Hellén;Греческий, эллин;ὁ Ἕλλην, ηνος;26;Ἕλλην;Ἕλλην
louka;луг;ὁ λειμών, ῶνος;26;λειμών;λειμών
pastýř;Пастух;ὁ ποιμήν, ένος;26;ποιμήν;ποιμήν
soused;сосед;ὁ γείτων, γείτονος;26;γείτων;γείτων
pes;пес/собака;ὁ, ἡ κύων, κυνός;26;κύων;κύων
Apollón;Аполлон;ὁ Ἀπόλλων, ωνος;26;Ἀπόλλων;Ἀπόλλων
blažený;блаженный;εὐ-δαίμων, εὔ-δαιμον;26;εὐδαίμων;εὐδαίμων
ubohý;несчастный;τάλας 3;26;τάλας;τάλας
zima;зима;ὁ χειμών, ῶνος;26;χειμών;χειμών
v zimě;зимой;χειμῶνος;26;χειμών;χειμών
sníh;Снег;ἡ χιών, χιόνος;26;χιών;χιών
Agamemnón;Агамемнон;ὁ Ἀγαμέμνων, ονος;26;Ἀγαμέμνων;Ἀγαμέμνων
lid;народ;ὁ λαός, οῦ;26;λαός;λαός
Xenofón;Ксенофонт;ὁ Ξενοφῶν, ῶντος;26;Ξενοφῶν;Ξενοφῶν
rozumný;Разумный;σώ-φρων, σῶ-φρον;26;σώφρων;σώφρων
vůdce;вождь/глава/руководитель;ὁ ἡγεμών, όνος;26;ἡγεμών;ἡγεμών
stádo;стадо;ἡ ἀγέλη, ης;26;ἀγέλη;ἀγέλη
zápas;борьба;ὁ ἀγών, ῶνος;26;ἀγών;ἀγών
černý;черный;μέλας, μέλαινα, μέλαν;26;μέλας;μέλας
Hádes;Аид;ὁ Ἅιδης, ου;26;Ἅιδης;Ἅιδης
konec, smrt;конец, смерть;ἡ τελευτή, ῆς;26;τελευτή;τελευτή
rozkazuji (někomu);Я приказываю (кому-то);κελεύω (s ak.);27;κελεύω;κελεύω
Dareios;Дарий;ὁ Δαρεῖος, ου;27;Δαρεῖος;Δαρεῖος
Kambýsés;Камбис;ὁ Καμβύσης, ου;27;Καμβύσης;Καμβύσης
Antigoné;Антигона;ἡ Ἀντιγόνη, ης;27;Ἀντιγόνη;Ἀντιγόνη
mrtvý;мёртвый;νεκρός 3;27;νεκρός;νεκρός
tajně;тайно;κρύφα;27;κρύφα;κρύφα
pohřbívám;Я хороню;θάπτω;27;θάπτω;θάπτω
pravda;Правда;ἡ ἀλήθεια, ας;27;ἀλήθεια;ἀλήθεια
ani - ani;ни - ни;μήτε - μήτε;27;μήτε;μήτε
kryji, tajím, zakrývám;я прикрываю, таю́, закрываю;κρύπτω;27;κρύπτω;κρύπτω
mluvím pravdu;Я говорю правду;ἀληθεύω;27;ἀληθεύω;ἀληθεύω
Sýrie;Сирия;ἡ Συρία, ας;27;Σύριος;Σύριος
obora, sad;заповедник, сад;ὁ παράδεισος, ου;27;παράδεισος;παράδεισος
vysekávám, kácím;вырубливаю (вырубаю), рублю;ἐκ-κόπτω;27;ἐκκόπτω;ἐκκόπτω
kdo, který?;кто, какой? который?;τίς;28;τίς;τίς
co, které?;что, какое? которое?;τί;28;τίς;τίς
nejvíce, nejspíše;наиболее, скорее всего;μάλιστα;28;μάλα;μάλα
pro, kvůli;для, из-за;ἕνεκα (s gen.);28;ἕνεκα;ἕνεκα
proč?;Почему?;τίνος ἕνεκα;28;ἕνεκα;ἕνεκα
nauka, věda;научная дисциплина, наука;τὸ μάθημα, ατος;28;μάθημα;μάθημα
řecký, hellénský;Греческий, эллинский;Ἑλληνικός 3;28;Ἑλληνικός;Ἑλληνικός
hlasatel;глашатай;ὁ κῆρυξ, υκος;28;κῆρυξ;κῆρυξ
mluvím (ve shromáždění), řečním;Я говорю (на собрании), произношу речь;ἀγορεύω;28;ἀγορεύω;ἀγορεύω
oběť;жертвоприношение;ἡ θυσία, ας;28;θυσία;θυσία
modlím se, slibuji;Я молюсь, я обещаю;εὔχομαι;28;εὔχομαι;εὔχομαι
Marathón;Марафон;ὁ Μαραθών, ῶνος;28;Μαραθών;Μαραθών
pozdní poznání, lítost;позднее познание, сожаление;ἡ μετά-νοια, ας;28;μετάνοια;μετάνοια
podrobuji si;я подчиняю;κατα-στρέφομαι;28;καταστρέφω;καταστρέφω
sbírám, shromažďuji, svolávám;Я собираю, созываю;συλ-λέγω;28;συλλέγω;συλλέγω
klamu;я обманываю;ψεύδω;28;ψεύδω;ψεύδω
lžu;Я вру;ψεύδομαι;28;ψεύδω;ψεύδω
obesílám, povolávám si k sobě;я вызываю;μετα-πέμπομαι;28;μεταπέμπω;μεταπέμπω
ozbrojuji;Я вооружаю;ὁπλίζω;28;ὁπλίζω;ὁπλίζω
závodím, zápasím;Я соревнуюсь, я борюсь;ἀγωνίζομαι (πρός s ak.);28;ἀγωνίζομαι;ἀγωνίζομαι
miluji, mám rád;Я люблю, мне нравится;φιλῶ, φιλεῖν;29;φιλέω;φιλέω
činím, dělám;Я совершаю, я делаю;ποιῶ, ποιεῖν;29;ποιέω;ποιέω
kde;Где;ὅπου;29;ὅπου;ὅπου
prospívám;я приношу пользу;ὠφελῶ, εῖν (s ak.);29;ὠφελέω;ὠφελέω
přiznávám;Я признаю ;ὁμο-λογῶ, εῖν;29;ὁμολογέω;ὁμολογέω
křivdím;Я обижаю, поступаю несправедливо;ἀ-δικῶ, εῖν (s ak.);29;ἀδικέω;ἀδικέω
zrádce;Предатель;ὁ προ-δότης, -δότου;29;προδότης;προδότης
nenávidím;Я ненавижу;μισῶ, εῖν;29;μισέω;μισέω
kormidelník;рулевой;ὁ κυβερνήτης, -νήτου;29;κυβερνήτης;κυβερνήτης
ztroskotávám;я терплю неудачу;ναυ-αγῶ, εῖν;29;ναυαγέω;ναυαγέω
jsem nešťasten, mám nezdar;Я несчастен, я терплю неудачу;ἀ-τυχῶ, εῖν;29;ἀτυχέω;ἀτυχέω
jsem nešťasten, mám nezdar;Я несчастен, я терплю неудачу;δυσ-τυχῶ, εῖν;29;δυστυχέω;δυστυχέω
jsem šťasten;Я счастлив;εὐ-τυχῶ, εῖν;29;εὐτυχέω;εὐτυχέω
pomáhám;Я помогаю;βοηθῶ, εῖν (s dat.);29;βοηθέω;βοηθέω
pro;Для;διά (předl. s ak.);29;διά;διά
příčina, důvod;причина, повод;ἡ αἰτία, ας;29;αἴτιος;αἴτιος
válčím s...;Я воюю с...;πολεμῶ, εῖν (s. dat.);29;πολεμέω;πολεμέω
starám se, pečuji, dbám;Я забочусь;ἐπι-μελοῦμαι, εῖσθαι;30;ἐπιμελέομαι;ἐπιμελέομαι
jsem nemocen;болею;νοσῶ, εῖν;30;νοσέω;νοσέω
Lakedaimoňané;Лакедемоняне;οἱ Λακεδαιμόνιοι;30;Λακεδαιμόνιος;Λακεδαιμόνιος
zdobím;Я украшаю;κοσμῶ, εῖν;30;κοσμέω;κοσμέω
hlava;голова;ἡ κεφαλή, ῆς;30;κεφαλή;κεφαλή
druh, přítel;друг, приятель;ὁ ἑταῖρος, ου;30;ἑταῖρος;ἑταῖρος
trpím (snáším) křivdu;Я страдаю от несправедливость (терплю несправедливость - snáším);ἀ-δικοῦμαι, εῖσθαι;30;ἀδικέω;ἀδικέω
trestám, mstím se;Я наказываю, я мщу;τιμωροῦμαι, εῖσθαι (s ak.);30;τιμωρέω;τιμωρέω
napodobuji;Я подражаю;μιμοῦμαι, εῖσθαι (s gen.);30;μιμέομαι;μιμέομαι
vznešený, úctyhodný;благородный (вознесенный), достойный уважения;σεμνός 3;30;σεμνός;σεμνός
ošklivý, hanebný;некрасивый, позорный;αἰσχρός 3;30;αἰσχρός;αἰσχρός
mrav, povaha;нравы, характер;ὁ τρόπος, ου;30;τρόπος;τρόπος
špatný, zlý, podlý;плохой, злой, подлый;πονηρός 3;30;πονηρός;πονηρός
šlechetný, řádný, statný;благородный, порядочный, статный;ἐσθλός 3;30;ἐσθλός;ἐσθλός
hájím se, bráním se;я защищаюсь, обороняюсь;ἀπο-λογοῦμαι, εῖσθαι;30;ἀπολογέομαι;ἀπολογέομαι
velmi, velice;очень, весьма;μάλα;30;μάλα;μάλα
bojím se;Я боюсь;φοβοῦμαι, εῖσθαι;30;φοβέω;φοβέω
zmocňuji se;овладеваю;κρατῶ, εῖν (s gen.);30;κρατέω;κρατέω
žák;ученик;ὁ μαθητής, οῦ;30;μαθητής;μαθητής
pokládám, uznávám, domnívám se, mám za to;Я считаю, я признаю, я полагаю, я думаю, что;ἡγοῦμαι, εῖσθαι (s dvojím ak.);30;ἡγέομαι;ἡγέομαι
sluším;подхожу (в смысле подобать, соответствовать);πρέπω;30;πρέπω;πρέπω
stud;стыд;ἡ αἰσχύνη, ης;30;αἰσχύνη;αἰσχύνη
spravedlnost;справедливость;ἡ δικαιοσύνη, ης;30;δικαιοσύνη;δικαιοσύνη
rozumnost;разумность;ἡ σωφροσύνη, ης;30;σωφροσύνη;σωφροσύνη
zisk;прибыль;τὸ κέρδος, κέρδους;31;κέρδος;κέρδος
trest;наказание;ἡ ζημία, ας;31;ζημία;ζημία
jako;как, в качестве;ὡς;31;ὡς;ὡς
zeď, hradba;стена, крепостная стена;τὸ τεῖχος, τείχους;31;τεῖχος;τεῖχος
meč;Меч;τὸ ξίφος, ους;31;ξίφος;ξίφος
hubím, ničím;Я истребляю, уничтожаю;φθείρω;31;φθείρω;φθείρω
lež;ложь;τὸ ψεῦδος, ψεύδους;31;ψεῦδος;ψεῦδος
když, kdy;когда;ὅτε;31;ὅτε;ὅτε
rod, pokolení;род, поколение;τὸ γένος, ους;31;γένος;γένος
radím;Советую;βουλεύω;31;βουλεύω;βουλεύω
hora, pohoří;гора, горный массив;τὸ ὄρος, ους;31;ὄρος;ὄρος
těžkooděnec;тяжеловооруженный;ὁ ὁπλίτης, ου;31;ὁπλίτης;ὁπλίτης
přilba;шлем;τὸ κράνος, ους;31;κράνος;κράνος
krunýř;панцирь;ὁ θώραξ, ακος;31;θώραξ;θώραξ
holeň, holínka, chránítko na holeň;голень, поножи, наголенник;ἡ κνημίς, ῖδος;31;κνημίς;κνημίς
Antalkidas, Sparťan;Анталкид, спартанец;ὁ Ἀνταλκίδας, ου;31;Ἀνταλκίδης;Ἀνταλκίδης
Sparta, město v Lakónice;Спарта, город в Лаконии;ἡ Σπάρτη, ης;31;Σπάρτη;Σπάρτη
utrpení, bolest, choroba, vzrušení;страдание, боль, болезнь, волнение;τὸ πάθος, ους;31;πάθος;πάθος
zvyk, obyčej, mrav;обычай, нравы;τὸ ἦθος, ἥθους;31;ἦθος;ἦθος
užitečný, hodný, řádný, poctivý;полезный, хороший, порядочный, честный;χρηστός 3;31;χρηστός;χρηστός
společnost, styk, obcování, přátelství;общество, контакт, общение, дружба;ἡ ὁμιλία, ας;31;ὁμιλία;ὁμιλία
Héraklés;Геракл;ὁ Ἡρακλῆς, κλέους;32;Ἡρακλέης;Ἡρακλέης
známý;известный/знакомый;γνώριμος 3,2;32;γνώριμος;γνώριμος
slavný;славный (покрытый великой славой);εὐ-κλεής, ές;32;εὐκλεής;εὐκλεής
nepřátelský, nepříznivý;враждебный, неблагоприятный;ἐχθρός 3;32;ἐχθρός;ἐχθρός
jak (při zvolání);как (при обращении);ὡς;32;ὡς;ὡς
nešťastný;несчастный;δυσ-τυχής 2;32;δυστυχής;δυστυχής
Démosthenés;Демосфен;ὁ Δημοσθένης, σθένους;32;Δημοσθένης;Δημοσθένης
Themistoklés;Фемистокл;ὁ Θεμιστοκλῆς, κλέους;32;Θεμιστοκλέης;Θεμιστοκλέης
Filippos;Филипп;ὁ Φίλιππος, ου;32;Φίλιππος;Φίλιππος
úklad;злой умысел;ἡ ἐπι-βουλή, ῆς;32;ἐπιβουλή;ἐπιβουλή
jasný, zřejmý, zřetelný;ясный, очевидный, отчетливый;σαφής, σαφές;32;σαφής;σαφής
Periklés;Перикл;ὁ Περικλῆς, κλέους;32;Περικλέης;Περικλέης
hrom, blesk;гром, молния;ὁ κεραυνός, οῦ;32;κεραυνός;κεραυνός
na (na otázku kde?);на (на вопрос где?);ἐπί (s dat.);32;ἐπί;ἐπί
Sókratés;Сократ;ὁ Σωκράτης, ους;32;Σωκράτης;Σωκράτης
šťastný;счастливый;εὐ-τυχής, ές;32;εὐτυχής;εὐτυχής
příbuzný;родственный;συγ-γενής, ές;32;συγγενής;συγγενής
lživý;лживый;ψευδής, ές;32;ψευδής;ψευδής
mající moc (v rukou), zdrženlivý, střídmý;обладающий властью (в руках), сдержанный, умеренный;ἐγ-κρατής, ές;32;ἐγκρατής;ἐγκρατής
zdravý;Здоровый;ὑγιής, ές;32;ὑγιής;ὑγιής
nemírný, nestřídmý;неумеренный, невоздержанный;ἀ-κρατής, ές;32;ἀκρατής;ἀκρατής
urozený, ušlechtivý;знатный, благородный;εὐ-γενής, ές;32;εὐγενής;εὐγενής
neštěstí, nehoda;несчастье, несчастный случай;ἡ ἀ-τυχία, ας;32;ἀτυχία;ἀτυχία
trestám;наказываю;ζημιῶ, οῦν;33;ζημιόω;ζημιόω
najímám, pronajímám;нанимаю, сдаю в аренду;μισθῶ, οῦν;33;μισθόω;μισθόω
žoldnéř, námezdný voják;наемник, наемный солдат;ὁ ξένος, ου;33;ξένος;ξένος
horlivě následuji, horlivě napodobuji;усердно следую, ревностно подражаю;ζηλῶ, οῦν;33;ζηλόω;ζηλόω
dobromyslný, nakloněný, oddaný;добродушный, склонный, преданный;εὔ-νους, εὔ-νουν;33;εὔνους;εὔνους
zlomyslný, protivný, zlo zamýšlející;склонный к дурному, неприятный, злонамеренный;κακό-νους, κακό-νουν;33;κακόνους;κακόνους
zloděj;вор;ὁ κλέπτης, ου;33;κλέπτης;κλέπτης
rozum;разум;ὁ νοῦς, νοῦ;33;νόος;νοῦς
plavba;плавание ;ὁ πλοῦς, πλοῦ;33;πλόος;πλοῦς
mám v úmyslu;Я намерен;ἐν νῷ μοί ἐστι;33;ἐγώ;ἐγώ
věnuji pozornost, pozorně si všímám;уделяю внимаю, обращаю внимание ;προσ-έχω νοῦν (s dat.);33;προσέχω;προσέχω
společný, obecný;общий (2 значения);κοινός 3;33;κοινός;κοινός
Foiníčané;Финикийцы;οἱ Φοίνικες, νίκων;33;Φοῖνιξ;Φοῖνιξ
slabý;слабый;ἀ-σθενής, ές;33;ἀσθενής;ἀσθενής
kost;кость;τὸ ὀστοῦν, ὀστοῦ;33;ὀστέον;ὀστοῦν
Hermés;Гермес;ὁ Ἑρμῆς, οῦ;34;Ἑρμῆς;Ἑρμῆς
hermovky;гермы;οἱ Ἑρμαῖ, ῶν;34;Ἑρμῆς;Ἑρμῆς
olympský;Олимпийский;Ὀλύμπιος 3;34;Ὀλύμπιος;Ὀλύμπιος
slavný, proslulý;славный, известный;ἔν-δοξος 2;34;ἔνδοξος;ἔνδοξος
obětuji;приношу в жертву;θύω;34;θύω;θύω
vítězím, pomáhám;Я побеждаю, я помогаю;νικῶ, ᾶν;34;νικάω;νικάω
ctím;я почитаю;τιμῶ, ᾶν;34;τιμάω;τιμάω
rád vidím, miluji, mám rád, vážím si;я рад вижу, я люблю, мне нравится, я ценю;ἀγαπῶ, ᾶν;34;ἀγαπάω;ἀγαπάω
prokazuji dobrodiní;совершаю благодеяния;εὐ-εργετῶ, εῖν (s ak.);34;εὐεργετέω;εὐεργετέω
odvažuji se;Я отваживаюсь;τολμῶ, ᾶν;34;τολμάω;τολμάω
odvažuji se všeho;Я отваживаюсь на все.;τολμῶ πάντα;34;τολμάω;τολμάω
Evropa;Европа;ἡ Εὐρώπη, ης;34;Εὐρώπη;Εὐρώπη
země;земля;ἡ γῆ, γῆς;34;γῆ;γῆ
po;по;κατά (s ak.);34;κατά;κατά
po zemi, po souši;по земле, по суше;κατὰ γῆν;34;κατά;κατά
nesčíslný, nesmírný;бесчисленный, неимоверный;ἀν-άριθμος 2;34;ἀνάριθμος;ἀνάριθμος
vojsko;Армия;τὸ στράτευμα, ατος;34;στράτευμα;στράτευμα
vytýkám (někomu něco);упрекать (кого-то в чем-то);ἐπι-τιμῶ, ᾶν (s dat. osoby a ak. věci);34;ἐπιτιμάω;ἐπιτιμάω
Athény;Афины;αἱ Ἀθῆναι, ῶν;34;Ἀθῆναι;Ἀθῆναι
končím;Я заканчиваю;τελευτῶ, ᾶν;34;τελευτάω;τελευτάω
končím život, umírám, dokonávám;Я заканчиваю жизнь, я умираю, я кончаюсь (эвфемизм);τελευτῶ τὸν βίον;34;τελευτάω;τελευτάω
táži se;я вопрашаю;ἐρωτῶ, ᾶν;34;ἐρωτάω;ἐρωτάω
někdo, něco;кто-то, что-то;τις, τι;34;τις;τις
nejasný, neurčitý;неясный, неопределенный;ἀ-σαφής, ές;34;ἀσαφής;ἀσαφής
tržiště, náměstí;рынок, площадь;ἡ ἀγορά, ᾶς;34;ἀγορά;ἀγορά
stavím;строю/воздвигаю;ἱδρύω;34;ἱδρύω;ἱδρύω
nemoc;болезнь;ἡ νόσος, ου;35;νόσος;νόσος
léčím;Я лечу;ἰῶμαι, ἰᾶσθαι;35;ἰάομαι;ἰάομαι
hněv;Гнев;ἡ ὀργή, ῆς;35;ὀργή;ὀργή
hraji si jen, dělám marné věci, tlachám;Я просто играю, занимаюсь напрасными делами, болтаю;φλυαρῶ, εῖν;35;φλυαρέω;φλυαρέω
zvíře;животное;τὸ θηρίον, ου;35;θηρίον;θηρίον
lovím;Я охочусь;θηρῶ, ᾶν;35;θηράω;θηράω
jevím, zdám se;Я являю/обнаруживать, я кажусь;φαίνομαι;35;φαίνω;φαίνω
dříve než;прежде чем;πρίν;35;πρίν;πρίν
dívám se, přehlížím;Я смотрю, осматриваю;θεῶμαι, θεᾶσθαι;35;θεάομαι;θεάομαι
Delfy;Дельфы;οἱ Δελφοί, ῶν;35;Δελφοί;Δελφοί
zlatý;Золотой;χρυσοῦς, χρυσῆ, χρυσοῦν;35;χρύσεος;χρύσεος
stříbrný;Серебрянный;ἀργυροῦς, ἀργυρᾶ, ἀργυροῦν;35;ἀργύρεος;ἀργύρεος
měsidlo, nádoba;крате́р, сосуд;ὁ κρατήρ, ῆρος;35;κρατήρ;κρατήρ
kovový, měděný;металический, медный;χαλκοῦς, χαλκῆ, χαλκοῦν;35;χάλκεος;χάλκεος
u;у;πρός (s dat.);35;πρός;πρός
železný;Железный;σιδηροῦς, σιδηρᾶ, σιδηροῦν;35;σιδήρεος;σιδήρεος
zbraň;оружие;τὸ ὅπλον, ου;35;ὅπλον;ὅπλον
nacházím;Я нахожу;εὑρίσκω;35;εὑρίσκω;εὑρίσκω
nerozum, pošetilost;безрассудство, глупость;ἡ ἄ-νοια, ἀνοίας;35;ἄνοια;ἄνοια
dvojitý, dvojnásobný;двойной, двухкратный;δι-πλοῦς, διπλῆ, διπλοῦν;35;διπλόος;διπλοῦς
trojitý, trojnásobný;тройной, троекратный;τρι-πλοῦς, τριπλῆ, τριπλοῦν;35;τριπλόος;τριπλοῦς
nařízení, peníz, peníze;приказ, монета, деньги;τὸ νόμισμα, ατος;35;νόμισμα;νόμισμα
jednoduchý;Простой;ἁ-πλοῦς, ἁπλῆ, ἁπλοῦν;35;ἁπλόος;ἁπλοῦς
řeč;речь;τὸ ἔπος, ἔπους;35;ἔπος;ἔπος
život, způsob života, živobytí, strava;жизнь, образ жизни, быт, питание;ἡ δίαιτα, διαίτης;35;δίαιτα;δίαιτα
lékař;врач;ὁ ἰατρός, οῦ;35;ἰατρός;ἰατρός
kdykoliv;когда-угодно;ὅταν (= ὅτε + ἄν);35;ὅταν;ὅταν
Midas;Мидас;ὁ Μίδας, ου;36;Μίδας;Μίδας
Frýg;фригиец;ὁ Φρύξ, Φρυγός;36;Φρύξ;Φρύξ
Seilénos;Силен;ὁ Σειληνός, οῦ;36;Σειληνός;Σειληνός
pěstoun, vychovatel;кормилец, воспитатель;ὁ τρόφος, ου;36;τρόφος;τρόφος
Dionýsos;Дионис;ὁ Διόνῦσος, ου;36;Διόνυσος;Διόνυσος
přijímám;Я принимаю;δέχομαι;36;δέχομαι;δέχομαι
zavděčuji se (někomu něčím);угождаю кому-то чем-либо;χαρίζομαι (τινί τι);36;χαρίζομαι;χαρίζομαι
přeměňuji;Я превращаю;μετα-μορφῶ, οῦν;36;μεταμορφόω;μεταμορφόω
přání;желание;τὸ εὖχος, εὖχους;36;εὖχος;εὖχος
přeji si, modlím se;Я желаю, я молюсь;εὔχομαι;36;εὔχομαι;εὔχομαι
nejprve;сначала;πρῶτον;36;πρότερος;πρότερος
dotýkám se (něčeho);дотрагиваюсь (до чего-либо);ἅπτομαι (τινός);36;ἅπτω;ἅπτω
víno;вино;ὁ οἴνος, οἴνου;36;οἴνος;οἴνος
tu, tehdy, tam;тут, тогда, туда (сюда);ἐνταῦθα;36;ἐνταῦθα;ἐνταῦθα
hlad;голод;ὁ λιμός, οῦ;36;λιμός;λιμός
trápím, trýzním, mučím;мучаю, терзаю;ἀνιῶ, ᾶν;36;ἀνιάω;ἀνιάω
nešťastný;несчастный;ἀ-τυχής, ές 2;36;ἀτυχής;ἀτυχής
volám, křičím;Я зову, я кричу;βοῶ, βοᾶν;36;βοάω;βοάω
zbavuji, zprošťuji (někoho něčeho);избавляю, освобождаю (кого-либо от чего-либо);ἀπ-αλλάττω (τινά τινος);36;ἀπαλλάσσω;ἀπαλλάσσω
město, stát;город, государство;ἡ πόλις, εως;37;πόλις;πόλις
demokratický;Демократический;δημοτικός 3;37;δημοτικός;δημοτικός
posílám;Я посылаю;πέμπω;37;πέμπω;πέμπω
bydlím;Я живу (обитаю);οἰκῶ, εῖν;37;οἰκέω;οἰκέω
Erinýe;Эриния;ἡ Ἐρινύς, ύος;37;Ἐρινύς;Ἐρινύς
pohled, zrak;взгляд, зрение;ἡ ὄψις, εως;37;ὄψις;ὄψις
čistý, bez viny;чистый, не виноватый;καθαρός 3;37;καθαρός;καθαρός
posuzuji (podle);Я сужу (по, исходя из);κρίνω (ἐκ);37;κρίνω;κρίνω
skutek, jednání;поступок, поведение;ἡ πρᾶξις, εως;37;πρᾶξις;πρᾶξις
bohatství;Богатство;ὁ πλοῦτος, ου;37;πλοῦτος;πλοῦτος
zpupnost;наглость, нахальство, дерзость, грубость, глумление;ἡ ὕβρις, εως;37;ὕβρις;ὕβρις
rozbroj;раздор/разлад;ἡ στάσις, εως;37;στάσις;στάσις
marně;Напрасно;μάτην;37;μάτην;μάτην
město;город;τὸ ἄστυ, εως;37;ἄστυ;ἄστυ
sekera;секира, топор;ὁ πέλεκυς, εως;37;πέλεκυς;πέλεκυς
ryba;рыба;ὁ ἰχθύς, ύος;37;ἰχθύς;ἰχθύς
rychlý;быстрый;ταχύς 3;38;ταχύς;ταχύς
příjemný;Приятный;ἡδύς 3;38;ἡδύς;ἡδύς
krátký;Короткий;βραχύς 3;38;βραχύς;βραχύς
pomalý;Медленный;βραδύς 3;38;βραδύς;βραδύς
ostrý;острый;ὀξύς 3;38;ὀξύς;ὀξύς
umění;искусство;ἡ τέχνη, ης;38;τέχνη;τέχνη
poloviční;половинный;ἥμισυς 3;38;ἥμισυς;ἥμισυς
nutnost;Необходимость;ἡ ἀνάγκη, ης;38;ἀνάγκη;ἀνάγκη
rána;удар/рана;ἡ πληγή, ῆς;38;πληγή;πληγή
mnozí, četní;многие, четные;πολλοί, οἱ;39;πολύς;πολύς
Sparťan;Спартиат;ὁ Σπαρτιάτης, ου;39;Σπαρτιάτης;Σπαρτιάτης
pravil;сказал;ἔφη;39;φημί;φημί
zabíjím;Я убиваю;ἀπο-κτείνω;39;ἀποκτείνω;ἀποκτείνω
přísaha;клятва;ὁ ὅρκος, ου;39;ὅρκος;ὅρκος
jinoch;юноша/эфеб;ὁ ἔφηβος, ου;39;ἔφηβος;ἔφηβος
zahanbuji, zneucťuji;позорю, оскверняю/бесчещу;κατ-αισχύνω;39;καταισχύνω;καταισχύνω
pomáhám;Я помогаю;ἀμύνω (s dat.);39;ἀμύνω;ἀμύνω
bráním se komu;Я защищась от кого-то;ἀμύνομαι (s ak.);39;ἀμύνω;ἀμύνω
bráním vlast;Я защищаю родину;ἀμύνομαι ὑπερ τῆς πατρίδος;39;ἀμύνω;ἀμύνω
nesu, dopravuji;несу, доставляю;κομίζω;39;κομίζω;κομίζω
získávám vděčnost;Я получаю благодарность;χάριν κομίζομαι;39;χάρις;χάρις
dodávám odvahy, posiluji;Я придаю смелости, я поднимаю дух;θαρρύνω;39;θαρσύνω;θαρσύνω
rodič, otec;родитель, отец;ὁ γονεύς, έως;40;γονεύς;γονεύς
poskytuji;Я предоставляю;παρ-έχω;40;παραχώννυμι;παραχώννυμι
od;От;παρά (s gen.);40;παρά;παρά
u;у;παρά (s dat.);40;παρά;παρά
loď;лодка;ἡ ναῦς, νεώς;40;ναῦς;ναῦς
lodník, plavec;матрос, пловец;ὁ ναύτης, ου;40;ναύτης;ναύτης
lupič;Грабитель;ὁ λῃστής, οῦ;40;λῃστής;λῃστής
zároveň s;вместе с ;ἅμα (s dat.);40;ἅμα;ἅμα
obrátil jsem na útěk;Я обратился в бегство;εἰς φυγὴν ἐτρεψάμην;40;φυγή;φυγή
král;царь;ὁ βασιλεύς, έως;40;βασιλεύς;βασιλεύς
soudce;Судья;ὁ δικαστής, οῦ;40;δικαστής;δικαστής
kněz;жрец;ὁ ἱερεύς, έως;40;ἱερεύς;ἱερεύς
připodobňuji, přirovnávám;Я уподобляю, сравниваю;ἀπ-εικάζω;40;ἀπεικάζω;ἀπεικάζω
představený;начальник;ὁ ἄρχων, οντος;40;ἄρχων;ἄρχων
řídím;я руковожу;εὐθύνω;40;εὐθύνω;εὐθύνω
jezdec;всадник;ὁ ἱππεύς, έως;40;ἱππεύς;ἱππεύς
rolník, zemědělec;крестьянин, земледелец;ὁ γεωργός, οῦ;40;γεωργός;γεωργός
býk, kráva;бык, корова;ὁ (ἡ) βοῦς, βοός;40;βοῦς;βοῦς
veliký;Великий;μέγας, μεγάλη, μέγα 3;41;μέγας;μέγας
nakloněný, ochotný;склонный, желающий;πρό-θυμος 2;41;πρόθυμος;πρόθυμος
mnohý;множественный;πολύς, πολλή, πολύ 3;41;πολύς;πολύς
vojsko;Армия;ὁ στρατός, οῦ;41;στρατός;στρατός
zdraví;Здоровье;ἡ ὑγίεια, ας;41;ὑγίεια;ὑγίεια
příhoda, pohroma, neštěstí;случай (приключение), катастрофа, несчастье;ἡ συμφορά, ᾶς;41;συμφορά;συμφορά
prospívám;я приношу пользу;λυσιτελῶ, εῖν;41;λυσιτελέω;λυσιτελέω
stárnu;Я старею;γηράσκω;41;γηράσκω;γηράσκω
na světě;на свете;ἐν ἀνθρώποις;41;ἄνθρωπος;ἄνθρωπος
den;День;ἡ ἡμέρα, ας;42;ἡμέρα;ἡμέρα
sluší se;подходит/подобает;πρέπει;42;πρέπω;πρέπω
vzor;образец/пример;τὸ παρά-δειγμα, ατος;42;παράδειγμα;παράδειγμα
opačný;противоположный;ἐναντίος 3;42;ἐναντίος;ἐναντίος
poslední;Последний;τελευταῖος 3;42;τελευταῖος;τελευταῖος
prostřední;средний;μέσος 3;42;μέσος;μέσος
střed;Центр;τὸ μέσον, ου;42;μέσος;μέσος
stíním, vrhám stín;Я затеняю, отбрасываю тень;ἀπο-σκιάζω;42;ἀποσκιάζω;ἀποσκιάζω
docela jistě, ovšem;разумеется, конечно;πάνυ γε;42;πάνυ;πάνυ
množství;количество/множество;τὸ πλῆθος, ους;42;πλῆθος;πλῆθος
mužnost, statečnost;мужественность, храбрость;ἡ ἀνδρεία, ας;42;ἀνδρεία;ἀνδρεία
mnohem;намного (более);πολύ (u kompar.);42;πολύς;πολύς
Sapfó;Сапфо;ἡ Σαπφώ, οῦς;43;Σαπφώ;Σαπφώ
božský;божественный;θεῖος 3;43;θεῖος;θεῖος
na;на;ἐπί (s dat.);43;ἐπί;ἐπί
Argó;Арго;ἡ Ἀργώ, οῦς;43;Ἀργός;Ἀργός
hrdina;Герой;ὁ ἥρως, ωος;43;ἥρως;ἥρως
Římané;Римляне;οἱ Ῥωμαῖοι, ων;43;Ῥωμαικός;Ῥωμαικός
potomek;потомок;ὁ ἀπό-γονος, ου;43;ἀπόγονος;ἀπόγονος
Trójan;Троян;ὁ Τρώς, ωός;43;Τρώς;Τρώς
Aineias;Эней;ὁ Αἰνείας, ου;43;Αἰνείας;Αἰνείας
Trója;Троя;ἡ Τροία, ας;43;Τροία;Τροία
Itálie;Италия;ἡ Ἰταλία, ας;43;Ἰταλία;Ἰταλία
odpovídám;Я отвечаю;ἀπο-κρίνομαι;43;ἀποκρίνω;ἀποκρίνω
zdali;ли ;εἰ (v nepř. otázkách);43;εἰ;εἰ
zdám se;Кажусь;δοκῶ, εῖν;43;δοκέω;δοκέω
říkám;Я говорю;φημί, φάναι;43;φημί;φημί
ziskuchtivý;корыстный;φιλο-κερδής 2;43;φιλοκερδής;φιλοκερδής
Milón;Милон;ὁ Μίλων, ωνος;43;Μίλων;Μίλων
Olympie;Олимпия;ἡ Ὀλυμπία, ας;43;Ὀλυμπία;Ὀλυμπία
stadión, závodiště;стадион, ристалище;τὸ στάδιον, ου;43;στάδιον;στάδιον
povaha;натура/характер/нрав;τὸ ἦθος, ους;43;ἦθος;ἦθος
projevuji, vyslovuji mínění;выражаю, высказываю свое мнение;ἀπο-φαίνομαι τὴν γνώμην;43;ἀποφαίνω;ἀποφαίνω
živočich;живое существо;τὸ ζῷον, ου;43;ζῷον;ζῷον
obléhám;я осаждаю;πολιορκῶ, εῖν;43;πολιορκέω;πολιορκέω
síla, moc;сила, мощь/могущество;ἡ δύναμις, εως;44;δύναμις;δύναμις
nazývám;Я называю;προσ-αγορεύω;44;προσαγορεύω;προσαγορεύω
luštím, řeším;я расшифровываю, разрешаю (задачу, головоломку);δια-λύω;44;διαλύω;διαλύω
Achilleus;Ахиллес, сын Пелея;ὁ Ἀχιλλεύς, έως;44;Ἀχιλλεύς;Ἀχιλλεύς
Paris;Парид/Парис;ὁ Πάρις, ιδος;44;Πάρις;Πάρις
střílím (z luku);Я стреляю (из лука);τοξεύω;44;τοξεύω;τοξεύω
Cicero;Цицерон;ὁ Κικέρων, ωνος;44;Κικέρων;Κικέρων
Antonius;Антоний;ὁ Ἀντώνιος, ου;44;Ἀντώνιος;Ἀντώνιος
Řím;Рим;ἡ Ῥώμη, ης;44;Ῥώμη;Ῥώμη
odhazuji, zahazuji;я отбрасываю, я выбрасываю;ἀπο-ρρίπτω;44;ἀπορρίπτω;ἀπορρίπτω
Harmodios;Гармодий;ὁ Ἁρμόδιος, ου;45;Ἁρμόδιος;Ἁρμόδιος
Aristogeitón;Аристогитон;ὁ Ἀριστογείτων, ονος;45;Ἀριστογείτων;Ἀριστογείτων
veškerý, každý;весь, каждый;ἅ-πας 3;45;ἅπας;ἅπας
zapisuji, zaznamenávám;Я записываю, я заношу (в журнал);ἀνα-γράφω;45;ἀναγράφω;ἀναγράφω
dobrodinec;благодетель (не путать с добротелью);ὁ εὐ-εργέτης, ου;45;εὐεργέτης;εὐεργέτης
brzo;сейчас же;τάχα;45;τάχα;τάχα
nutím;я принуждаю;ἀναγκάζω;45;ἀναγκάζω;ἀναγκάζω
právě;именно;πέρ;45;πέρ;πέρ
doufám;Я надеюсь;ἐλπίζω;45;ἐλπίζω;ἐλπίζω
nevina;невиновность;ἡ ἀν-αιτία, ας;45;ἀναίτιος;ἀναίτιος
objevuji, ukazuji;я обнаруживаю, я показываю;δηλῶ, οῦν;45;δηλόω;δηλόω
nemožný;невозможный;ἀ-δύνατος 2;45;ἀδύνατος;ἀδύνατος
vystupuji (ven) z řady;Я выхожу из совета;πορεύομαι ἔξω τῆς τάξεως;45;πορεύω;πορεύω
řada;линия/ряд/строй;ἡ τάξις, εως;45;τάξις;τάξις
trestám;я наказываю;κολάζω;45;κολάζω;κολάζω
nedbám;я не забочусь;ἀ-μελῶ, εῖν (s gen.);45;ἀμελέω;ἀμελέω
bez;без;ἄνευ (s gen.);46;ἄνευ;ἄνευ
někdy, po záporce: nikdy;иногда, после отрицания: никогда;πώποτε;46;πώποτε;πώποτε
učenlivý, horlivý v učení;любознательный, заядлый ученик;φιλο-μαθής 2;46;φιλομαθής;φιλομαθής
věc;вещь/предмет/дело;τὸ χρῆμα, ατος;46;χρῆμα;χρῆμα
znalý;знающий;ἐπι-στήμων 2;46;ἐπίστημος;ἐπίστημος
stýkám se s, obcuji s;Я встречаюсь с, я общаюсь с;σύν-ειμι, εῖναι;46;σύνειμι;σύνειμι
jsem vzdálen, chybím;Я далеко, я отсутствую;ἄπ-ειμι, εῖναι;46;ἄπειμι;ἄπειμι
prázdný, jalový;пустой, яловый (бесплодный);κενός 3;46;κενός;κενός
vytrvalý, usilovný, mocný;настойчивый, усердный, могущественный;καρτερός 3;46;καρτερός;καρτερός
je třeba;нужно;χρή, χρῆναι;46;χρή;χρή
je možno, lze;можно;ἔξ-εστι(ν);46;ἔξεστι;ἔξεστι
jsem přítomen;Я присутствую;πάρ-ειμι, εῖναι;46;πάρειμι;πάρειμι
vidím;я вижу;ὁρῶ, ᾶν;46;ὁράω;ὁράω
zkušební kámen;пробный камень;ἡ βάσανος, ου;47;βάσανος;βάσανος
rok;год;τὸ ἔτος, ους;47;ἔτος;ἔτος
až do;вплоть до;μέχρι (s gen.);47;μέχρι;μέχρι
vrhám kopí;Я метаю копье;ἀκοντίζω;47;ἀκοντίζω;ἀκοντίζω
žádný;никакой;οὐδ-είς, -μία, -έν;47;οὐδείς;οὐδείς
žádám (někoho o něco);я прошу (кого-то о чем-то);αἰτῶ, εῖν (τινά τι);47;αἰτέω;αἰτέω
měsíc;месяц;ὁ μήν, μηνός;47;μείς;μείς
ostrov Salamína;остров Саламин;ἡ Σαλαμίς, ῖνος;47;Σαλαμίς;Σαλαμίς
počet;количество;ὁ ἀριθμός, οῦ;47;ἀριθμός;ἀριθμός
okolo, u čísla asi;"вокруг, у числа ""около"" (двух тысяч)";ἀμφί (s ak.);47;ἀμφί;ἀμφί
olympiáda;Олимпиада;ἡ Ὀλυμπιάς, άδος;48;Ὀλυμπιάς;Ὀλυμπιάς
Messénie;Мессения;ἡ Μεσσηνία, ας;48;Μεσσήνιος;Μεσσήνιος
část, díl;часть, часть (доля);τὸ μέρος, ους;48;μέρος;μέρος
vrstevník;одногодка/ровесник;ὁ ἡλικιώτης, ου;48;ἡλικιώτης;ἡλικιώτης
blížím se;я приближаюсь;πλησιάζω;48;πλησιάζω;πλησιάζω
kde (vzt.);где (относительное местоимение relativum);οὗ;48;οὗ;οὗ
zůstávám;Я остаюсь;μένω;48;μένω;μένω
podstupuji nebezpečí;идти на опасности;κινδυνεύω;48;κινδυνεύω;κινδυνεύω
v platnosti adv. nijak;в роли адвербия (наречия) никак;οὐδέν, μηδέν;48;οὐδείς;οὐδείς
myslím na;Я думаю о;ὑπο-λογίζομαι (s ak.);48;ὑπολογίζομαι;ὑπολογίζομαι
mimo, kromě;помимо, кроме;πλήν (s gen.);48;πλήν;πλήν
nařizuji, přikazuji;Я распоряжаюсь, я приказываю;προσ-τάττω;48;προστάττω;προστάττω
přicházím;я прихожу;ἔπ-ειμι, ιέναι;49;ἔπειμι;ἔπειμι
příští den;следующий день;ἡ ἐπιοῦσα ἡμέρα;49;ἔπειμι;ἔπειμι
pole, venkov;поле, деревня;ὁ ἀγρός, οῦ;49;ἀγρός;ἀγρός
každodenně;ежедневно;καθ' ἑκάστην ἡμέραν;49;κατά;κατά
společný oběd;совместный обед;τὸ συσ-σίτιον, ου;49;συσσίτιον;συσσίτιον
bezpečný;Безопасный;ἀσφαλής 2;49;ἀσφαλής;ἀσφαλής
odcházím;Я ухожу.;ἄπ-ειμι, ιέναι;49;ἄπειμι;ἄπειμι
pochodeň;факел;ἡ λαμπάς, άδος;49;λαμπάς;λαμπάς
obcházím, chodím dokola;обходить, ходить вокруг;περί-ειμι, ιέναι;49;περίειμι;περίειμι
hledám;я ищу;ζητῶ, εῖν;49;ζητέω;ζητέω
unáším, loupím;Я похищаю, я граблю;ἁρπάζω;49;ἁρπάζω;ἁρπάζω
blížím se;Я приближаюсь;πρόσ-ειμι, ιέναι;49;πρόσειμι;πρόσειμι
křik;крик;ἡ κραυγή, ῆς;49;κραυγή;κραυγή
s křikem;с криком;κραυγῇ;49;κραυγή;κραυγή
mlčky, potichu;молча, тихо;σιγῇ;49;σιγή;σιγή
naloďuji;погружаю на судно;ἀνα-βιβάζω;50;ἀναβιβάζω;ἀναβιβάζω
pluji na moře;Я плыву на море;ἀν-άγομαι;50;ἀνάγω;ἀνάγω
síla, vojenská moc;сила, военная мощь;ἡ ἰσχύς, ύος;50;ἰσχύς;ἰσχύς
tak veliký;так большой;τοσ-οῦτος, -αύτη, -οῦτο(ν);50;τοσοῦτος;τοσοῦτος
již tedy;уже тогда;ἤδη δή;50;ἤδη;ἤδη
naplňuji;Я наполняю;πληρῶ, οῦν;50;πληρόω;πληρόω
slunce se zatmívá;солнце затмевается;ὁ ἥλιος ἐκ-λείπει;50;ἥλιος;ἥλιος
tma;тьма;τὸ σκότος, ους;50;σκότος;σκότος
děsím;пугаю;ἐκ-πλήττω;50;ἐκπλήσσω;ἐκπλήσσω
znamení;знак/знамение;τὸ σημεῖον, ου;50;σημεῖον;σημεῖον
ustrašený;запуганный;περί-φοβος 2;50;περίφοβος;περίφοβος
jsem bezradný;перебываю в затруднении;ἀ-πορῶ, εῖν;50;ἀπορέω;ἀπορέω
rozpínám, napínám;растягивать, натягивать;ἐκ-τείνω;50;ἐκτείνω;ἐκτείνω
plášť;плащ (хламида);ἡ χλαμύς, ύδος;50;χλαμύς;χλαμύς
myslím, mám za to, že;я думаю, я полагаю, что;οἴομαι;50;οἴομαι;οἴομαι
zdali snad;неужели/неужто ли/разве;μή (v ot.);50;μή;μή
liším se;Я отличаюсь;δια-φέρω;50;διαφέρω;διαφέρω
leda že;разве что;πλὴν ὅτι;50;πλήν;πλήν
trochu;Немного;τί (ak. v platn. adv.);50;τίς;τίς
zatmění;затмение;ἡ ἐπι-σκότησις, εως;50;ἐπισκότησις;ἐπισκότησις
obědvám;Я обедаю;δειπνῶ, εῖν;51;δειπνέω;δειπνέω
rozmlouvám;я разговариваю;δια-λέγομαι (s dat.);51;διαλέγω;διαλέγω
zbavuji něk. něč., připravuji něk. o něco;я лишаю кого-то чего-то, я отнимаю у кого-то что-то;ἀπο-στερῶ, εῖν (τινά τινος);51;ἀποστερέω;ἀποστερέω
chudý;бедный;πένης, ητος 2;51;πένης;πένης
špatně mluvím o někom;Я говорю плохо о ком-то;κακῶς λέγω (s ak.);51;κακός;κακός
blahoslavím;я благославляю;μακαρίζω;51;μακαρίζω;μακαρίζω
Makedón;Македонец;ὁ Μακεδών, όνος;51;Μακεδών;Μακεδών
Aristotelés;Аристотель;ὁ Ἀριστοτέλης, ους;51;Ἀριστοτέλης;Ἀριστοτέλης
Prométheus;Прометей;ὁ Προμηθεύς, έως;52;Προμηθεύς;Προμηθεύς
kradu;Я краду;κλέπτω;52;κλέπτω;κλέπτω
oheň;Огонь;τὸ πῦρ, ός;52;πῦρ;πῦρ
nebe;небо;ὁ οὐρανός, οῦ;52;οὐρανός;οὐρανός
Kalliklés;Калликл;ὁ Καλλικλῆς, έους;52;Καλλικλέης;Καλλικλέης
přirozeně, případně;естественно, заслуженно;εἰκότως;52;ἐοικότως;ἐοικότως
spasitel;спаситель;ὁ σωτήρ, ῆρος;52;σωτήρ;σωτήρ
podnikám boj na moři;я устраиваю бой в море;ναυμαχίαν ποιοῦμαι;52;ναυμαχία;ναυμαχία
lze;можно;ἔστι;52;εἰμί;εἰμί
umírám;Я умираю;ἀπο-θνῄσκω;52;ἀποθνῄσκω;ἀποθνῄσκω
Platón;Платон;ὁ Πλάτων, ωνος;53;Πλάτων;Πλάτων
šibalství;притворное незнание/лукавость;ἡ εἰρωνεία, ας;53;εἰρωνεία;εἰρωνεία
šibalsky;с притворным незнанием/лукаво;εἰρωνικῶς;53;εἰρωνικός;εἰρωνικός
Prótagoras;Протагор;ὁ Πρωταγόρας, ου;53;Πρωταγόρας;Πρωταγόρας
hlas;голос;ἡ φωνή, ῆς;53;φωνή;φωνή
kouzlím, okouzluji;Я колдую, очаровываю/зачаровываю;κηλῶ, εῖν;53;κηλέω;κηλέω
za hlasem;за голосом;κατὰ τὴν φωνήν;53;φωνή;φωνή
následuji;Я следую за;ἕπομαι (s dat.);53;ἕπομαι;ἕπομαι
slyším něco od něk.;Я слышу что-то от кого-то.;ἀκούω (τινός τι);53;ἀκούω;ἀκούω
před soudem;перед судом;ἐν τοῖς δικασταῖς;53;δικαστής;δικαστής
uhlazeně mluvím;изысканно говорю;καλλιεπῶ, εῖν;53;καλλιεπέω;καλλιεπέω
Télemachos;Телемах;ὁ Τηλέμαχος, ου;53;Τηλέμαχος;Τηλέμαχος
po otcích zděděný, otcovský;унаследованный от отцов, отцовский;πατρῷος 3;53;πατρῷος;πατρῷος
vchod, přístup;вход, доступ;ἡ εἴσοδος, ου;54;εἴσοδος;εἴσοδος
Kerberos;Кербер (Цербер);ὁ Κέρβερος, ου;54;Κέρβερος;Κέρβερος
opevňuji;я укрепляю;τειχίζω;54;τειχίζω;τειχίζω
nejprve;сначала;τὸ πρῶτον, ου;54;πρότερος;πρότερος
Sicílie;Сицилия;ἡ Σικελία, ας;54;Σικελία;Σικελία
roztrušuji;я рассыпаю/распростроняю;δια-σπείρω;54;διασπείρω;διασπείρω
nevěřím, nedůvěřuji;Я не верю, я не доверяю.;ἀ-πιστῶ, εῖν;54;ἀπιστέω;ἀπιστέω
Klearchos;Клеарх;ὁ Κλέαρχος, ου;54;Κλέαρχος;Κλέαρχος
táhnu v čele, vedu;Я стою во главе, командовать;ἡγοῦμαί (τινι);54;ἡγέομαι;ἡγέομαι
nařizuji, přikazuji;Я распоряжаюсь, я приказываю;παρ-αγγέλλω;54;παραγγέλλω;παραγγέλλω
Arménie;Армения;ἡ Ἀρμενία, ας;54;Ἀρμενία;Ἀρμενία
hubím, ničím, kazím;я истребляю, уничтожаю, порчу;δια-φθείρω;54;διαφθείρω;διαφθείρω
uvažuji, rozjímám;я рассуждаю, раздумываю;σκέπτομαι;55;σκέπτομαι;σκέπτομαι
pečuji, mám se na pozoru, varuji se;Я забочусь, я берегусь, я остерегаюсь;εὐλαβοῦμαι, εῖσθαι;55;εὐλαβέομαι;εὐλαβέομαι
všude;Везде;πανταχοῦ;55;πανταχοῦ;πανταχοῦ
spravedlnost;справедливость;ἡ Δίκη, ης;56;Δίκη;Δίκη
snáším, přispívám, prospívám;Я терплю, я содействую, я приношу пользу;συμ-φέρω;56;συμφέρω;συμφέρω
(impf. snahové) nemohli přemluviti;(имперфект дезидеративный) не могли убедить (но хотели);οὐκ ἔπειθον;56;πείθω;πείθω
Zeus;Зевс;ὁ Ζεύς, Δίος, Διί, Ζεῦ;56;Ζεύς;Ζεύς
Tantalos;Тантал;ὁ Τάνταλος, ου;56;Τάνταλος;Τάνταλος
plodím, rodím;Я пложу, я рожаю;γεννῶ, ᾶν;56;γεννάω;γεννάω
nesmrtelný;Бессмертный;ἀ-θάνατος 2;56;ἀθάνατος;ἀθάνατος
špatnost, zločinnost;нечестность, преступность;ἡ κακία, ας;56;κακία;κακία
msta, trest;месть, наказание;ἡ τιμωρία, ας;56;τιμωρία;τιμωρία
nález, návrh;решение, проект решения;τὸ ψήφισμα, ατος;56;ψήφισμα;ψήφισμα
list;письмо (кому-то);ἡ ἐπιστολή, ῆς;56;ἐπιστολή;ἐπιστολή
málokteří, nemnozí;мало кто, немногие;ὀλίγοι;56;ὀλίγος;ὀλίγος
dostatečný;Достаточный;ἱκανός 3;56;ἱκανός;ἱκανός
mohu;Я могу;ἔχω (s inf.);56;ἔχω;ἔχω
poučuji;Я сообщаю;ἐκ-διδάσκω;56;ἐκδιδάσκω;ἐκδιδάσκω
nikterak neusiluji;никак не стараюсь;οὐδὲν πράττω;57;οὐδείς;οὐδείς
podřizuji;я подчиняю;ὑπο-τάττω;57;ὑποτάσσω;ὑποτάσσω
vrážím do někoho něčím;я бросаю/метаю в кого-то чем-то;ἐν-σείω (τινί τι);57;ἐνσείω;ἐνσείω
břevno, trám;бревно, брус;ὁ (ἡ) δοκός, οῦ;57;δοκός;δοκός
Diogenés;Диоген;ὁ Διογένης, ους;57;Διογένης;Διογένης
potom, až potom;потом, аж потом;εἶτα;57;εἶτα;εἶτα
udeřuji;ударяю;πλήττω;57;πλήσσω;πλήσσω
hůl;палка;ἡ βακτηρία, ας;57;βακτηρία;βακτηρία
unikám;Я избегаю;ἀπο-φεύγω;57;ἀποφεύγω;ἀποφεύγω
záhuba;погибель;ὁ ὄλεθρος, ου;57;ὄλεθρος;ὄλεθρος
samovládce;тиран;ὁ τύραννος, ου;57;τύραννος;τύραννος
tyrannida;тирания;ἡ τυραννίς, ίδος;57;τυραννίς;τυραννίς
Syrakusané;Сиракузяне;οἱ Συρακόσιοι, ων;57;Συρακόσιος;Συρακόσιος
Kreón;Креон;ὁ Κρέων, οντος;57;Κρέων;Κρέων
nařizuji;Я распоряжаюсь;ἐπι-τάττω;57;ἐπιτάσσω;ἐπιτάσσω
Polyneikés;Полиник;ὁ Πολυνείκης, ους;57;Πολυνείκης;Πολυνείκης
Héfaistos;Гефест;ὁ Ἥφαιστος, ου;58;Ἥφαιστος;Ἥφαιστος
házím, vrhám;я бросаю, метаю;ῥίπτω;58;ῥίπτω;ῥίπτω
Aischinés;Эсхин;ὁ Αἰσχίνης, ου;58;Αἰσχίνης;Αἰσχίνης
žaluji;я обвиняю;κατ-ηγορῶ, εῖν;58;κατηγορέω;κατηγορέω
uvažuji;я рассуждаю/размышляю;λογίζομαι;58;λογίζομαι;λογίζομαι
vítězné znamení;памятник победы;τὸ τρόπαιον, ου;58;τρόπαιον;τρόπαιον
soukromě;лично;ἰδίᾳ;58;ἴδιος;ἴδιος
na státní útraty;на государственный счет;δημοσίᾳ;58;δημόσιος;δημόσιος
společně živím, vychovávám;вместе я кормлю, я воспитываю;συν-τρέφω;58;συντρέφω;συντρέφω
druh u stolu, spolustolovník;застольный друг, сотрапезник;σύσ-σιτος 2;58;σύσσιτος;σύσσιτος
pobíjím, rozbíjím, rozdrcuji;Я перебиваю (врага), я разбиваю, я громлю;κατα-κόπτω;58;κατακόπτω;κατακόπτω
síla (tělesná);сила (физическая/телесная);ἡ ῥώμη, ης;58;ῥώμη;ῥώμη
nepohřbený;непогребенный;ἄ-θαπτος 2;58;ἄθαπτος;ἄθαπτος
Eurípidés;Еврипид;ὁ Εὐριπίδης, ου;58;Εὐριπίδης;Εὐριπίδης
Makedonie;Македония;ἡ Μακεδονία, ας;58;Μακεδονία;Μακεδονία
kostka;игральная кость;ὁ κύβος, ου;58;κύβος;κύβος
horní město, vyšehrad;расположенный на возвышенности город, акрополь;ἡ ἀκρόπολις, εως;59;ἀκρόπολις;ἀκρόπολις
uchvacuji, plením;я захватываю, разоряю;ἀν-αρπάζω;59;ἀναρπάζω;ἀναρπάζω
tvoření;созидание;ἡ ποίησις, εως;59;ποίησις;ποίησις
tragédie;Трагедия;ἡ τραγῳδία, ας;59;τραγῳδία;τραγῳδία
Sofoklés;Софокл;ὁ Σοφοκλῆς, έους;59;Σοφοκλέης;Σοφοκλέης
uvádím do otroctví, zotročuji;Я обращаю в рабство, порабощаю;ἀνδραποδίζω;59;ἀνδραποδίζω;ἀνδραποδίζω
Pythagorás;Пифагор;ὁ Πυθαγόρας, ου;59;Πυθαγόρας;Πυθαγόρας
milovník moudrosti, filosof;любитель мудрости, философ;ὁ φιλό-σοφος, ου;59;φιλόσοφος;φιλόσοφος
zakládám;я основываю;κτίζω;59;κτίζω;κτίζω
zkouším, pokouším se;Я пробую, я пытаюсь;πειρῶμαι, ᾶσθαι;59;πειράω;πειράω
nespravedlivý;несправедливый;ἄ-δικος 2;59;ἄδικος;ἄδικος
hlasuji;я голосую;ψηφίζομαι;59;ψηφίζομαι;ψηφίζομαι
odesílám;я отправляю;ἀπο-στέλλω;60;ἀποστέλλω;ἀποστέλλω
Leonidas;Леонид;ὁ Λεωνίδας, ου;60;Λεωνίδης;Λεωνίδης
zvěstuji, ohlašuji;Я извещаю, я объявляю;ἀπ-αγγέλλω;60;ἀπαγγέλλω;ἀπαγγέλλω
ukládám, nařizuji;Я поручаю, я приказываю/распоряжаюсь;ἐν-τέλλομαι;60;ἐντέλλω;ἐντέλλω
nařízení, rozkazy;поручения, указания, приказания;τὰ ἐντεταλμένα;60;ἐντέλλω;ἐντέλλω
vyžaduji;Я требую;ἐξ-αιτῶ, εῖν;60;ἐξαιτέω;ἐξαιτέω
neozbrojený, beze zbraně;невооруженный, безоружный;ἄν-οπλος 2;60;ἄνοπλος;ἄνοπλος
Ajás;Аякс;ὁ Αἴας, αντος;60;Αἴας;Αἴας
šílím;Я схожу с ума;μαίνομαι;60;μαίνομαι;μαίνομαι
zabodávám, usmrcuji;закалываю, умерщвляю;ἀπο-σφάττω;60;ἀποσφάζω;ἀποσφάζω
tábor, ležení;лагерь, стан (военный лагерь);τὸ στρατόπεδον, ου;60;στρατόπεδον;στρατόπεδον
posel, vyslanec;посол, посланец;ὁ πρεσβευτής, οῦ;60;πρεσβευτής;πρεσβευτής
odcházím;Я ухожу.;ἀπο-χωρῶ, εῖν;60;ἀποχωρέω;ἀποχωρέω
Fókión;Фокион;ὁ Φωκίων, ωνος;60;Φώκιος;Φώκιος
jsem rozumný;Я благоразумен.;σωφρονῶ, εῖν;60;σωφρονέω;σωφρονέω
otřásám;Я потрясаю (вызывать сильную кратковременную тряску чего-либо);σείω;61;σείω;σείω
peloponnéský;Пелопоннеский;Πελοποννησιακός 3;61;Πελοποννησιακός;Πελοποννησιακός
Pyrrhos;Пирр;ὁ Πύρρος, ου;61;Πύρρος;Πύρρος
hotový, odhodlaný, ochotný;готовый, решившийся, желающий;ἑτοῖμος 3, 2;61;ἑτοῖμος;ἑτοῖμος
činím, uzavírám smlouvu s;я совершаю, я заключаю договор;σπένδομαί (τινι);61;σπένδω;σπένδω
sestra;Сестра;ἡ ἀδελφή, ῆς;61;ἀδελφή;ἀδελφή
pláči, oplakávám;Я плачу, я оплакиваю;κλαίω;61;κλαίω;κλαίω
ustávám činiti;Я перестаю делать;παύομαι ποιῶν;61;παύω;παύω
ač;хотя;καίπερ;61;καίπερ;καίπερ
spaluji;Я сжигаю;κατα-καίω;61;κατακαίω;κατακαίω
Thérámenés;Терамен;ὁ Θηραμένης, ους;61;Θηραμένης;Θηραμένης
hnětu (uplácávám), tvořím;я леплю, творю;πλάττω;61;πλάσσω;πλάσσω
kůže, rouno;кожа, руно;τὸ δέρας, ατος;62;δέρας;δέρας
Athamás;Атамант;ὁ Ἀθάμας, αντος;62;Ἀθάμας;Ἀθάμας
Boiótia;Бойотия;ἡ Βοιωτία, ας;62;Βοιωτία;Βοιωτία
Nefelé;Нефела;ἡ Νεφέλη, ης;62;Νεφέλη;Νεφέλη
oblak;Облако;ἡ νεφέλη, ης;62;νεφέλη;νεφέλη
Frixos;Фрикс;ὁ Φρίξος, ου;62;Φρίξος;Φρίξος
Hellé;Гелла;ἡ Ἕλλη, ης;62;Ἕλλη;Ἕλλη
neúroda;неурожай;ἡ ἀκαρπία, ας;62;ἀκαρπία;ἀκαρπία
Inó;Ино;ἡ Ἰνώ, οῦς;62;Ἰνώ;Ἰνώ
beran;баран;ὁ κριός, οῦ;62;κριός;κριός
upadl jsem;Я упал;ἔπεσον (πίπτω);62;πίπτω;πίπτω
Helléspontos;Геллеспонт;ὁ Ἑλλήσποντος, ου;62;Ἑλλήσποντος;Ἑλλήσποντος
Kolchis;Колхида;ἡ Κολχίς, ίδος;62;Κόλχος;Κόλχος
Arés;Арей/Арес;ὁ Ἄρης, Ἄρεως;62;Ἄρης;Ἄρης
obětní dar;жертвенный дар;τὸ ἀνάθημα, ατος;62;ἀνάθημα;ἀνάθημα
Aiétés;Ээт;ὁ Αἰήτης, ου;62;Αἰήτης;Αἰήτης
obyvatelé Kolchidy;жители Колхиды;οἱ Κόλχοι, ων;62;Κόλχος;Κόλχος
býk;Бык;ὁ ταῦρος, ου;62;ταῦρος;ταῦρος
bez spánku;без сна;ἄ-υπνος 2;62;ἄυπνος;ἄυπνος
had, drak;змея, дракон;ὁ δράκων, οντος;62;δράκων;δράκων
péče, starost;забота, беспокойство;ἡ ἑπι-μέλεια, ας;63;ἑπιμέλεια;ἑπιμέλεια
dávám;Я даю;δίδωμι;63;δίδωμι;δίδωμι
předkládám;представляю;παρα-τίθημι;63;παρατίθημι;παρατίθημι
čtu;я читаю;ἀνα-γιγνώσκω;63;ἀναγιγνώσκω;ἀναγιγνώσκω
kladu;я кладу;τίθημι;63;τίθημι;τίθημι
dosahuji;я достигаю;τυγχάνω (+ gen);63;τυγχάνω;τυγχάνω
vysílám, dovoluji;Я посылаю, я позволяю.;ἐφ-ίημι;63;ἐφίημι;ἐφίημι
ženu se za, toužím po;мчусь за, жажду;ἐφ-ίεμαι (+ gen);63;ἐφίημι;ἐφίημι
cizí;чужой/иноземный;άλλότριος 3;63;άλλότριος;άλλότριος
vlastní;свой/собственный;ἴδιος 3;63;ἴδιος;ἴδιος
vysílám (napřed);посылаю (наперёд);προίημι;63;προίημι;προίημι
ztrácím;Я теряю;προ-ίεμαι;63;προίημι;προίημι
stavím;я ставлю;ἵστημι;63;ἵστημι;ἵστημι
činím, ustanovuji;я ставлю (на стол/для старта/войско), устанавливаю;καθ-ίστημι;63;καθίστημι;καθίστημι
ustanovuji;Я устанавливаю;ἐφ-ίστημι;63;ἐφίστημι;ἐφίστημι
vychovatel;воспитатель;ὁ παιδ-αγωγός, οῦ;63;παιδαγωγός;παιδαγωγός
svobodný;свободный;ἐλεύθερος 3;63;ἐλεύθερος;ἐλεύθερος
ukazuji;Показываю;δείκνυμι;63;δείκνυμι;δείκνυμι
posílám;Я посылаю;ἵημι;63;ἵημι;ἵημι
ihned, hned;сейчас же, сразу же;αὐτίκα;64;αὐτίκα;αὐτίκα
zrazuji;я предаю;προ-δίδωμι;64;προδίδωμι;προδίδωμι
nakládám s;я обращаюсь с ;δια-τίθημι (+ akuz.);64;διατίθημι;διατίθημι
odesílám od sebe, propouštím;Я отсылаю прочь, я отпускаю;ἀπο-πέμπομαι;64;ἀποπέμπω;ἀποπέμπω
tak že;так, что;ὥστε;64;ὥστε;ὥστε
Iónové;Ионяне (Ионийцы);οἱ Ἴωνες, ων;64;Ἴων;Ἴων
odvracím;Я отвожу;ἀφ-ίστημι;64;ἀφἰστημι;ἀφἰστημι
odpadám od;Я отпадаю/отрываюсь;ἀφίσταμαι;64;ἀφίστημι;ἀφίστημι
Alkibiadés;Алкивиад;ὁ Ἀλκιβιάδης, ου;64;Ἀλκιβιάδης;Ἀλκιβιάδης
zastavuji, zadržuji;я останавливаю, я сдерживаю;παύω;64;παύω;παύω
sněm;собрание;ἡ ἐκκλησία, ας;64;ἐκκλησία;ἐκκλησία
předávám, odevzdávám;Я передаю, я выдаю/сдаю;παραδίδωμι;64;παραδίδωμι;παραδίδωμι
syn;сын;ὁ υἱός, υἱοῦ (υἱέος);64;υἱός;υἱός
ukazuji, dokazuje;показываю, доказываю;ἐπι-δείκνυμι;64;ἐπιδείκνυμι;ἐπιδείκνυμι
náklonnost, přízeň;склонность, благосклонность ;ἡ εὔ-νοια, ας;64;εὔνοια;εὔνοια
vzdávám se;Я сдаюсь;παραδίδωμι ἐμαυτόν;65;παραδίδωμι;παραδίδωμι
Messéňané;Мессенцы;οἱ Μεσσήνιοι, ων;65;Μεσσήνιοι;Μεσσήνιοι
zotročuji, podmaňuji;я порабощаю, я подчиняю;δουλῶ, οῦν;65;δουλόω;δουλόω
rolničím, vzdělávám půdu;я крестьянствую, обрабатываю землю;γεωργῶ, εῖν;65;γεωργέω;γεωργέω
prodávám;я продаю;ἀπο-δίδομαι;65;ἀποδίδωμι;ἀποδίδωμι
Efesané, obyv. Efesu;Ефесяне, жители Эфеса;οἱ Ἐφέσιοι, ων;65;Ἐφέσιος;Ἐφέσιος
věnuji, zasvěcuji;Я посвящаю;ἀνα-τίθημι;65;ἀνατίθημι;ἀνατίθημι
obětní dar;жертвенный дар;τὸ ἀνάθημα, ατος;65;ἀνάθημα;ἀνάθημα
Pittakos, vládce na Lesbu;Питтак, правитель Лесбоса;ὁ Πιττακός, οῦ;65;Πιττακός;Πιττακός
básník Alkaios;поэт Алкей;ὁ Ἀλκαῖος, ου;65;Ἀλκαῖος;Ἀλκαῖος
propouštím;Я отпускаю;ἀφ-ίημι;65;ἀφίημι;ἀφίημι
útočím, napadám;Я атакую, я нападаю;ἐπι-τίθεμαι (dat.);65;ἐπιτίθημι;ἐπιτίθημι
Patroklos, přítel Achilleův;Патрокл, друг Ахиллеса;ὁ Πάτροκλος, ου;65;Πάτροκλος;Πάτροκλος
Lysandros, spartský vojevůdce;Лисандр, спартанский полководец;ὁ Λύσανδρος, ου;65;Λύσανδρος;Λύσανδρος
ihned;сейчас же, сразу же;εὐθύς;65;εὐθύς;εὐθύς
vkládám, naháním;вкладываю, внушаю;ἐν-τίθημι;65;ἐντίθημι;ἐντίθημι
představuji, měním;Я представляю, я меняю;μεθ-ίστημι;65;μεθίστημι;μεθίστημι
zřízení, ústava;гос. устройство, конституция;ἡ πολιτεία, ας;65;πολιτεία;πολιτεία
ustanovuji, určuji;я устанавливаю, назначаю;ἀπο-δείκνυμι;65;ἀποδείκνυμι;ἀποδείκνυμι
usiluji o;Я стремлюсь к;ἐπι-τίθεμαι (dat.);66;ἐπιτίθημι;ἐπιτίθημι
zákony dávám;издаю законы;νόμους τίθημι;66;νόμος;νόμος
překládám, měním;я переставляю, меняю;μετα-τίθημι;66;μετατίθημι;μετατίθημι
nerozumný, nerozvážný;неразумный, безрассудный;ἄφρων 2;66;ἄφρων;ἄφρων
zřizuji, zařizuji;Я учреждаю, устраиваю;κατα-σκευάζω;66;κατασκευάζω;κατασκευάζω
dovoluji, propouštím;Я разрешаю, я отпускаю;παρ-ίημι;66;παρίημι;παρίημι
vhodný čas, příležitost;подходящее время, случай;ὁ καιρός, οῦ;66;καιρός;καιρός
zjevný, zřejmý;очевидный, явный;φανερός 3;66;φανερός;φανερός
nezjevný, neviditelný;тайный, невидимый;ἀφανής 2;66;ἀφανής;ἀφανής
pahorek Áreův;холм Ареса;ὁ Ἄρειος πάγος;66;Ἄρειος;Ἄρειος
sloup;столб;ἡ στήλη, ης;66;στήλη;στήλη
pomník, památka;памятник, память о;τὸ μνημεῖον, ου;66;μνημεῖον;μνημεῖον
cesta, výprava;путь, поход;ἡ πορεία, ας;66;πορεία;πορεία
Ílion, Trója;Илион, Троя;τὸ Ἴλιον, ου;66;Ἴλιον;Ἴλιον
pokutu platím, jsem trestán;Я плачу штраф, я наказан;δίκην δίδωμι;67;δίκην;δίκην
Hektór, trojský hrdina;Гектор, троянский герой;ὁ Ἕκτωρ, ορος;67;Ἕκτωρ;Ἕκτωρ
Datis, pers. vojevůdce;Датид, перс. полководец;ὁ Δᾶτις, ιδος;67;Δάτις;Δάτις
Dareios, perský král;Дарей, царь Персии;ὁ Δαρεῖος, ου;67;Δαρεῖος;Δαρεῖος
Arión, mythický pěvec;Арион, мифический певец;ὁ Ἀρίων, ονος;67;Ἀρίων;Ἀρίων
delfín;дельфин;ὁ δελφίς, ίνος;67;δελφίς;δελφίς
odkládám, vysazuji;Я откидываю, высаживаю (на берег);ἐκ-τίθημι;67;ἐκτίθημι;ἐκτίθημι
slibuji;Я обещаю;ἐπ-αγγέλλομαι;67;ἐπαγγέλλω;ἐπαγγέλλω
připojuji se;Я присоединяюсь;προσ-τίθεμαι (dat.);67;προστίθημι;προστίθημι
(vzhůru) stavím;(вверх) Я поднимаю;ἀνίστημι;67;ἀνίστημι;ἀνίστημι
pán;Господин.;ὁ κύριος, ου;67;κύριος;κύριος
cizinec;иноземец;ὁ ξεῖνος (=ὁ ξένος), ου;67;ξένος;ξένος
zde, tady;здесь, тут;τῇδε;67;ὅδε;ὅδε
ležím;я лежу;κεῖμαι;67;κεῖμαι;κεῖμαι
výrok, rozkaz, zákon;изречение, приказ, закон;τὸ ῥῆμα, ατος;67;ῥῆμα;ῥῆμα
onen;тот/оный;κεῖνος (= ἐκεῖνος) 3;67;ἐκεῖνος;ἐκεῖνος
nastupuji;я вступаю;καθ-ίσταμαι;68;καθίστημι;καθίστημι
království, král. trůn;царство/королевство, королевский трон;ἡ βασιλεία, ας;68;βασίλεια;βασίλεια
Artaxerxes, perský král;Артаксеркс, царь Персии;ὁ Αρταξέρξης, ου;68;Αρταξέρξης;Αρταξέρξης
Archimedes;Архимед;ὁ Ἀρχιμήδης, ους;68;Ἀρχιμήδης;Ἀρχιμήδης
kde, kam;где, куда;ποῦ;68;ποῦ;ποῦ
hýbám;Я двигаю;κινῶ, εῖν;68;κινέω;κινέω
iónský;Ионический/ионийский;Ἰωνικός 3;68;Ἰωνικός;Ἰωνικός
Tisafernes, Persan;Тиссаферн, перс;ὁ Τισσαφέρνης, ους;68;Τισσαφέρνης;Τισσαφέρνης
Milét, ms. v MA;Милет, город в Малой Азии (МА);ἡ Μίλητος, ου;68;Μίλητος;Μίλητος
náhoda, osud;случайность, судьба;ἡ τύχη, ης;68;τύχη;τύχη
proti, mimo (akuz.);против, помимо (в акузативе);παρά (akuz.);68;παρά;παρά
mínění, očekávání;мнение, ожидание;ἡ δόξα, ης;68;δόξα;δόξα
přihází se;случается;συμ-βαίνει;68;συμβαίνω;συμβαίνω
obviňuji;Я обвиняю;αἰτιῶμαι, ᾶσθαι;68;αἰτιάομαι;αἰτιάομαι
vstupuji;я вхожу/вступаю;ἐμ-βαίνω;68;ἐμβαίνω;ἐμβαίνω
Halys, řeka v MA;Галис, река в Малой Азии;ὁ Ἅλυς, υος;68;Ἅλυς;Ἅλυς
utíkám (pryč);Я убегаю (прочь);ἀπο-διδράσκω;68;ἀποδιδράσκω;ἀποδιδράσκω
řadím se proti;я выстраиваюсь против;ἀντι-τάττομαι;68;ἀντιτάσσω;ἀντιτάσσω
pán;Господин.;ὁ δεσπότης, ου;68;δεσπότης;δεσπότης
předstihnuji;Я опережаю;φθάνω;68;φθάνω;φθάνω
činím dříve než ty;Я делаю раньше, чем ты;φθάνω σε ποιῶν;68;φθάνω;φθάνω
kráčím, přicházím;Я иду, я прихожу;χωρῶ, εῖν;68;χωρέω;χωρέω
stavím se kolem;я становлюсь кругом;περι-ίσταμαι;69;περιίστημι;περιίστημι
stavím se na odpor, odporuji;я оказываю сопротивление, противлюсь;ἀνθ-ίσταμαι;69;ἀνθίστημι;ἀνθίστημι
stavím se v čelo;я становлюсь во главе;προ-ίσταμαι;69;προίστημι;προίστημι
Solón, zákonodárce Athén;Солон, законодатель Афин;ὁ Σόλων, ωνος;69;Σόλοι;Σόλοι
jsem ustanoven;Я установлен;ἐπί-κειμαι (pass. k ἐπιτίθημι);69;ἐπίκειμαι;ἐπίκειμαι
ukládám, určuji;Я поручаю, я назначаю;ἐπι-τίθημι;69;ἐπιτίθημι;ἐπιτίθημι
špatně mluvím o (akuz.);плохо говорю о (в акузативе);κακῶς ἀγορεύω (akuz.);69;κακός;κακός
bojím se;Я боюсь.;δέδοικα;69;δείδω;δείδω
naplňuji;Я наполняю;ἐμ-πίμπλημι;70;ἐμπίπλημι;ἐμπίπλημι
lakota, hrabivost;жадность, своекорыстие;ἡ πλεονεξία, ας;70;πλεονεξία;πλεονεξία
Sardy, hl. ms. Lýdie;Сарды (столица Лидии);αἱ Σάρδεις, εων;70;Σάρδεις;Σάρδεις
zapaluji;подпаливаю;ἐμ-πίμπρημι;70;ἐμπίμπρημι;ἐμπίμπρημι
budoucnost;Будущее;τὸ μέλλον, οντος;70;μέλλον;μέλλον
Olynthos, město na Chalkidice;Олинф, город в Халкидике;ἡ Ὄλυνθος, ου;70;Ὄλυνθος;Ὄλυνθος
podkopávám, bořím;я срываю до основания, сношу;κατασκάπτω;70;κατασκάπτω;κατασκάπτω
takový;такой;τοιοῦτος 3;70;τοιοῦτος;τοιοῦτος
prospívám;Я приношу пользу;ὀνίνημι;70;ὀνίνημι;ὀνίνημι
plním;Я наполняю;πίμπλημι;70;πίμπλημι;πίμπλημι
pálím;я жгу;πίμπρημι;70;πίμπρημι;πίμπρημι
podivuji se;удивляюсь;ἄγαμαι (s ak.);70;ἄγαμαι;ἄγαμαι
mohu;Я могу;δύναμαι;70;δύναμαι;δύναμαι
umím, vím;Я умею/могу, я знаю/ведаю;ἐπίσταμαι;70;ἐπίσταμαι;ἐπίσταμαι
spěchám, pospíchám;Я спешу, я тороплюсь;σπεύδω;71;σπεύδω;σπεύδω
ostrov;остров;ἡ νῆσος, ου;71;νῆσος;νῆσος
ležím kolem;Я лежу вокруг;περίκειμαι;71;περίκειμαι;περίκειμαι
místo;Место (ещё местечко, ибо это деминутив к χώρα);τὸ χωρίον, ου;71;χωρέω;χωρέω
Isthmos, korintská úžina;Истм, коринфский перешеек;ὁ Ἰσθμός, οῦ;71;ἰσθμός;ἰσθμός
bojuji na moři, svádím námořní bitvu;я сражаюсь на море, устраиваю морской бой;ναυμαχῶ, εῖν;71;ναθμαχῶ;ναθμαχῶ
Mnésifilos, Athéňán;Мнесифил, афинянин;ὁ Μνησίφιλος, ου;71;Μνησίφιλος;Μνησίφιλος
již ne;уже не;οὐκέτι (μηκέτι);71;οὐκέτι;οὐκέτι
Eurybiades, spartský vojevůdce;Эврибиад, спартанский полководец;ὁ Εὐρυβιάδης, ου;71;Εὐρυβιάδης;Εὐρυβιάδης
zadržuji;задерживаю;κατέχω;71;καταχώννυμι;καταχώννυμι
shromažďuji, sbírám;я накопляю, собираю;συνάγω;71;συνάγω;συνάγω
znova, opět;снова, опять;αὖθις;71;αὖθις;αὖθις
povstávám;Я возникаю;ἀν-ίσταμαι;71;ἀνίστημι;ἀνίστημι
konečně;Наконец-то;τέλος (adv.);71;τέλος;τέλος
filosof Zenón;философ Зенон;ὁ Ζήνων, ωνος;72;Ζήνων;Ζήνων
neučenost, nevědomost;неученость, необразованность;ἡ ἀμαθία, ας;72;ἀμαθία;ἀμαθία
prožívám;Я провожу жизнь;καταβιῶ, οῦν;72;καταβιάζομαι;καταβιάζομαι
Artabazos, perský vojevůdce;Артабаз, персидский полководец;ὁ Αρτάβαζος, ου;72;Αρτάβαζος;Αρτάβαζος
Plataje, ms. v Boiótii;Платеи, город в Бойотии;αἱ Πλαταιαί, ῶν;72;Πλαταιός;Πλαταιός
stává se, přihází se;это происходит, это происходит;ἀπο-βαίνει;72;ἀποβαίνω;ἀποβαίνω
když, kdykoliv;когда, когда угодно;ὁπότε;72;ὁπότε;ὁπότε
Lyčané, národ v MA;Ликийцы, народ в Малой Азии ;οἱ Λύκιοι, ων;72;Λύκιοι;Λύκιοι
Proxenos (řc. vůdce u Kýra Jr.);Проксен (греч. вождь при Кире Младшем);ὁ Πρόξενος, ου;72;Πρόξενος;Πρόξενος
bojótský;Беотийский;Βοιώτιος 3;72;Βοιώτιος;Βοιώτιος
z domova;из дома;οἴκοθεν;72;οἴκοθεν;οἴκοθεν
starý, dávný;старый, давний;ἀρχαῖος 3;72;ἀρχαῖος;ἀρχαῖος
sdílím se o to, sděluji (+dat.);Я делюсь, сообщаю (в дативе);ἀνα-κοινοῦμαι (+dat.);72;ἀνακοινέω;ἀνακοινέω
odsuzuji (+gen);Я приговариваю (в генитиве);κατα-γιγνώσκω (+gen);72;καταγιγνώσκω;καταγιγνώσκω
odsuzuji někoho k smrti;Я приговариваю кого-то к смерти;θάνατον καταγιγνώσκω τινός;72;καταγιγνώσκω;καταγιγνώσκω
příroda, přirozený řád;природа, естество;ἡ φύσις, εως;72;φύσις;φύσις
báje, slovo, řeč;миф, слово, речь;ὁ μῦθος, ου;73;μῦθος;μῦθος
růže;роза;τὸ ῥόδον, ου;73;ῥόδον;ῥόδον
Adónis, mythický lovec;Адонис, мифический охотник;ὁ Ἄδωνις, ιδος;73;Ἄδωνις;Ἄδωνις
krev;кровь;τὸ αἷμα, ατος;73;αἷμα;αἷμα
plodím, rodím;Я пложу, я рожаю;φύω;73;φύω;φύω
Laios, král thébský;Лаий/Лай, царь Фив;ὁ Λάϊος, ου;73;Λαΐος;Λαΐος
šat;одежда;ἡ στολή, ῆς;73;στολή;στολή
médský;мидийский;Μηδικός 3;73;Μηδικός;Μηδικός
oblékám;Я одеваю;ἐν-δύω;73;ἐνδύω;ἐνδύω
svlékám (si, se);снимаю (с себя, раздеваться);ἐκ-δύομαι;73;ἐκδύω;ἐκδύω
Méd;мидянин, мидиец;ὁ Μῆδος, ου;73;Μῆδος;Μῆδος
obchodník, kupec;торговец, купец;ὁ ἔμπορος, ου;73;ἔμπορος;ἔμπορος
potápím, ponořuji;я топлю, погружаю;κατα-δύω;73;καταδύω;καταδύω
Illyrové;Иллирийцы;οἱ Ἰλλυριοί, ῶν;74;Ἰλλυριός;Ἰλλυριός
klíč, klíční kost;ключ, ключица;ἡ κλείς, κλειδός (akuz. κλεῖν);74;κλείς;κλείς
lámu;ломаю;κατ-άγνυμι;74;κατάγνυμι;κατάγνυμι
sám vládnoucí, neomezený;самоправящий, неограниченный;αὐτοκράτωρ, ορος 2;74;αὐτοκράτωρ;αὐτοκράτωρ
hubím, ztrácím;Я гублю/уничтожаю, я теряю;ἀπ-όλλυμι;74;ἀπόλλυμι;ἀπόλλυμι
hynu;гибну;ἀπόλλυμαι;74;ἀπόλλυμι;ἀπόλλυμι
jsem ztracen, je po mně veta;Я потерян, я пропал;ἀπόλωλα;74;ἀπόλλυμι;ἀπόλλυμι
zda ... či;ли... или...;πότερον ... ἤ;74;πότερος;πότερος
poutám, spojuji;Я связываю, я соединяю;ζεύγνυμι;74;ζεύγνυμι;ζεύγνυμι
stavím most přes Hellespont;Я строю мост через Геллеспонт.;τὸν Ἑλλήσποντον ζ.;74;Ἑλλήσποντος;Ἑλλήσποντος
bouře;буря;ὁ Χειμών, ῶνος;74;χειμών;χειμών
rozlučuji, strhávám;Я разлучаю, я разрываю;δια-λύω;74;διαλύω;διαλύω
most;мост;ἡ γέφυρα, ας;74;γέφυρα;γέφυρα
vítězím v boji;Я выигрываю в бою;μάχην νικῶ, ᾶν;74;μάχη;μάχη
jsem jednomyslný, svorný;Я единодушен, согласен;ὁμονοῶ, εῖν;74;ὁμονοέω;ὁμονοέω
podle (+ akuz.);по/согласно (в акузативе);κατά (+akuz.);74;κατά;κατά
Artemision (předhoří na Euboji);Артемисий (мыс на Эвбее);τὸ Ἀρτεμίσιον, ου;74;Ἀρτεμίσιον;Ἀρτεμίσιον
strom;дерево;τὸ δένδρον, ου;74;δένδρον;δένδρον
kruh, kolo;круг, колесо;ὁ κύκλος, ου;74;κύκλος;κύκλος
kolem, dokola;кругом, вокруг;κύκλῷ;74;κύκλος;κύκλος
kámen, zvláště mramor;камень, особенно мрамор;ὁ λίθος, ου;74;λίθος;λίθος
bílý;Белый;λευκός 3;74;λευκός;λευκός
upevňuji, zarážím;Я уплотняю, я утверждаю;πήγνυμι;74;πήγνυμι;πήγνυμι
samský (ze Samu);Самосский;Σάμιος 3;75;Σάμιος;Σάμιος
šat;одежда;ἡ ἐσθής, ῆτος;75;ἐσθής;ἐσθής
oblékám;Я одеваю/надеваю;ἀμφιέννυμι;75;ἀμφιέννυμι;ἀμφιέννυμι
nosím, nosívám;Я ношу, я нашиваю;φορῶ, εῖν;75;φορέω;φορέω
opásávám, med. přepásávám se;опоясываю, (в медиуме) подпоясываюсь;περι-ζώννυμι;75;περιζώννυμαι;περιζώννυμαι
Orsippos (olymp. závodník);Орсипп (олимпийский атлет);ὁ Ὄρσιππος, ου;75;Ὄρσιππος;Ὄρσιππος
vítěziti v olympijských hrách;побеждать в Олимпийских играх;Ὀλύμπια νικᾶν;75;Ὀλύμπια;Ὀλύμπια
nahý;голый;γυμνός 3;75;γυμνός;γυμνός
pás, zástěra;пояс, фартук;τὸ περί-ζωμα, ατος;75;περίζωμα;περίζωμα
snadno běžím;Я легко бегаю;ῥᾴδιός εἰμι τρέχειν;75;ῥᾴδιος;ῥᾴδιος
pětiboj;пятиборье/пентатл;τὸ πέντ-αθλον, ου;75;πένταθλον;πένταθλον
závodím v pětiboji;Я участвую в соревнованиях по пятиборью;τὸ π. ἀγωνίζομαι;75;ἀγωνίζομαι;ἀγωνίζομαι
obsahuji;я содержу (в себе, т.е. содержаться);περι-έχω;75;περιέχω;περιέχω
skok, skákání;прыжок, прыгание;τὸ ἅλμα, ατος;75;ἅλμα;ἅλμα
rychlost nohou;скорость ног;ἡ ποδ-ώκεια, ας;75;ποδώκεια;ποδώκεια
kotouč, touš, disk;круг, метательный круг, диск;ὁ δίσκος, ου;75;δίσκος;δίσκος
házet kopí, oštěp;метатьльное копье, дротик;ὁ ἄκων, ἄκοντος;75;ἄκων;ἄκων
zápas, zápolení, prostý zápas;бой, сражение, борьба;ἡ πάλη, ης;75;πάλη;πάλη
Thrák;фракиец;ὁ θρᾷξ, θρᾳκός;75;θρᾷξ;θρᾷξ
mísím;смешиваю;κεράννυμι;75;κεράννυμι;κεράννυμι
Caesar;Цезарь;ὁ Καῖσαρ, αρος;75;Καῖσαρ;Καῖσαρ
smích;Смех;ὁ γέλως, ωτος;75;γέλως;γέλως
hrozím;Я угрожаю;ἀπειλῶ, εῖν;75;ἀπειλέω;ἀπειλέω
posiluji, pass. sílím, mohutním;Я усиливаю, (в пассиве) сильнею, крепчаю/крупнею;ῥώννυμι;75;ῥώννυμι;ῥώννυμι
býti silný, zdráv;быть сильным, здоров;ἐρρῶσθαι;75;ῥώννυμι;ῥώννυμι
hasím, potlačuji;гашу/тушу, подавляю;κατα-σβέννυμι;75;κατασβέννυμι;κατασβέννυμι
touha;жажда;ἡ ἐπι-θυμία, ας;75;ἐπιθυμία;ἐπιθυμία
bojechtivost, bojovnost;воинственность, боевитость;ἡ μάχης ἐπιθυμία;75;μάχη;μάχη
rána;рана;τὸ τραῦμα, ατος;76;τραῦμα;τραῦμα
hranice;граница;ἡ πυρά, ᾶς;76;πυρά;πυρά
uhasínám;угасаю;ἀπο-σβέννυμαι;76;ἀποσβέννυμι;ἀποσβέννυμι
Onésikritos, vojevůdce a dějepisec za A. Velikého;Онесикрит, полководец и историк при А. Великом;ὁ Ὀνησίκριτος, ου;76;Ὀνησίκριτος;Ὀνησίκριτος
starší;старший;πρεσβύτερος 3 (πρέσβυς);76;πρέσβυς;πρέσβυς
přátelství;Дружба;ἡ φιλία, ας;76;φιλία;φιλία
odděluji, jsem vzdálen;Я разделяю, я удален;δι-έχω (impf. διεῖχον);76;διέχω;διέχω
když (tu);когда (здесь);ἡνίκα;76;ἡνίκα;ἡνίκα
podezírám, tuším (s obavou);Я подозреваю, я предчувствую (с опасением);ὑπ-οπτεύω;76;ὑποπτεύω;ὑποπτεύω
obojí;оба;ἀμφότερος 3;76;ἀμφότερος;ἀμφότερος
jsem právě;я как раз/именно;τυγχάνω ὤν;76;τυγχάνω;τυγχάνω
druhý (jeden z obou);другой (один из обоих);ἕτερος 3;76;ἕτερος;ἕτερος
podobám se;я подобаюсь;ἔοικα, ἐοικέναι;77;ἔοικα;ἔοικα
vím;Я знаю/ведаю;οἶδα, εἰδέναι;77;οἶδα;οἶδα
zármutek;печаль/горе/скорбь;ἡ λύπη, ης;77;λύπη;λύπη
zakouším dobrého, dobře se se mnou zachází;Я испытываю добро, ко мне хорошо относятся.;εὖ πάσχω;77;πάσχω;πάσχω
prokazuji (projevuji) někomu vděčnost;выражаю (проявляюю) благодарность кому-либо;οἶδα χάριν τινί;77;οἶδα;οἶδα
skrývám, zatajuji;Я скрываю, я утаиваю;ἀπο-κρύπτω;77;ἀποκρύπτω;ἀποκρύπτω
vypátrávám, vyšetřuji, vyzvídám;Я разузнаю́, разведываю, расспрашиваю;ἐξερευνῶ, ᾶν;77;ἐξερευνάω;ἐξερευνάω
perský;Персидский;περσικός 3;77;Περσικός;Περσικός
jako (právě);как (и);ὥσ-περ;77;ὥσπερ;ὥσπερ
vpředu, dříve, předtím;впереди, раньше, перед этим;πρόσθεν;77;πρόσθεν;πρόσθεν
jsem slabší, podléhám, jsem poražen;Я слабее, я терплю поражение, я побежден;ἡττῶμαι, ᾶσθαι;77;ἡσσάομαι;ἡσσάομαι
velmi, velice;очень, весьма;μέγα (ak. příslovkový);77;μέγας;μέγας
malý, krátký;маленький, короткий;σμικρός (=μικρός);77;μικρός;μικρός
málo;мало;σμικρόν (ak. příslovkový);77;μικρός;μικρός
spolu vím (τινί τι: vím -jistě- o někom něco);вместе знаю (τινί τι: знаю -с уверенностью- о ком-то что-то);σύν-οιδα;77;σύνοιδα;σύνοιδα
jsem si vědom;я отдаю себе отчёт;σύν-οιδα ἐμαυτῷ;77;σύνοιδα;σύνοιδα
obydlí, dům;жилище, дом;ὁ οἶκος, ου;77;οἶκος;οἶκος
lichotím, pochlebuji (+akuz.);льстить (в акузативе);κολακεύω (+akuz.);77;κολακεύω;κολακεύω
vyhnaný, podrobený, vyvrácený, zpustošený;изгнанный, покоренный, разрушенный, лишенный;ἀνά-στατος 2;77;ἀνάστατος;ἀνάστατος
jsem pustošen;Я опустошен;γίγνομαι ἀνάστατος;77;γίγνομαι;γίγνομαι
válečná výprava, tažení;военный поход, кампания;ἡ στρατεία, ας;78;στρατεία;στρατεία
síla, moc;сила, мощь/могущество;τὸ κράτος, ους;78;κράτος;κράτος
Athos, pohoří na Chalkidice;Афон, гора в Халкидике;ὁ Ἄθως, Ἄθω;78;Ἄθως;Ἄθως
prokopávám;прокапывать;διορύττω;78;διορύσσω;διορύσσω
hrnu se, valím se;Я набрасываюсь, я падаю;ῥέω, ῥεῖν;78;ῥέον;ῥέον
pozbívám mysli, malomyslním;Я падаю духом, я малодушничаю;ἀθυμῶ, εῖν;78;ἀθυμέω;ἀθυμέω
pěší, o bitvě: pozemní;пеший, о битве: наземная;πεζός 3;78;πεζός;πεζός
provádím, pořizuji;Я провожу, я составляю;δια-πράττω;78;διαπράσσω;διαπράσσω
lesk;блеск;ἡ λαμπρότης, ητος;78;λαμπρότης;λαμπρότης
posiluji, vzmužuji;Я укрепляю, я вселяю мужество;ἐπι-ρρώννυμι;78;ἐπιρρώννυμι;ἐπιρρώννυμι
jestli, když;если, когда;εἴ-περ = εἰ;79;εἴπερ;εἴπερ
rovný, stejný (jako) (+dat);равный, такой же (как) (в дативе);ἴσος 3 (+dat.);79;ἴσος;ἴσος
rozum;разум/ум;ἡ γνώμη, ης;79;γνώμη;γνώμη
Áres Makedonský (Filippos);Арес Македонский (Филипп);Ἄρης Μακεδών;79;Ἄρης;Ἄρης
Parthenón;Парфенон;Παρθενών, ῶνος;79;Παρθενών;Παρθενών
Kallikrates;Калликрат;ὁ Καλλικράτης, ους;79;Καλλικράτης;Καλλικράτης
Iktinos;Иктин;ὁ Ἰκτῖνος, ου;79;Ἰκτῖνος;Ἰκτῖνος
dělám, vytvářím;Я делаю, я создаю;ἐργάζομαι;79;ἐργάζομαι;ἐργάζομαι
když;когда;ἐπειδή;79;ἐπεί;ἐπεί
strach;страх;τὸ δέος, ους;79;δέος;δέος
spím;Я сплю;καθεύδω;79;καθεύδω;καθεύδω
na hostinu;на пир;κατά δαῖτα (ἡ δαίς, τός);79;κατά;κατά
krátký čas;короткое время;ὀλίγον χρόνον (ak. čas. míry);79;ὀλίγος;ὀλίγος
skrovný, krátký;немногочисленный, короткий;ὀλίγος 3;79;ὀλίγος;ὀλίγος
vydržuji, snáším;Я сдерживаю/удерживаю, я терплю;ἀν-έχομαι;79;ἀνέχω;ἀνέχω
nechávám;Я оставляю;ἐῶ, ᾶν;79;ἐάω;ἐάω
vycházím;Я выхожу;ἔξ-ειμι, ιέναι;79;ἔξειμι;ἔξειμι
kupuji zač;Я покупаю;ὠνοῦμαι, εῖσθαι (+gen);79;ὠνέομαι;ὠνέομαι
jablko;яблоко;τὸ μῆλον, ου;79;μῆλον;μῆλον
žiji;Я живу;ζῶ, ζῆν;80;ζῶ;ζῶ
toužím, dychtím;Я стремлюсь, я жажду;ἐπιθυμῶ, εῖν;80;ἐπιθυμέω;ἐπιθυμέω
lačním;я голодаю;πεινῶ, ῆν;80;πεινάω;πεινάω
žízním;Я испытываю жажду;διψῶ, ῆν;80;διψάω;διψάω
užívám (+dat.);Я пользуюсь/применяю (в дативе);χρῶμαι, ῆσθαι (+dat.);80;χράομαι;χράομαι
protivný, opačný, naproti;противоположный, обратный, направляющийся навстречу;ἐναντίος 3;80;ἐναντίος;ἐναντίος
miluji moudrost, zabývám se filosofií;Я люблю мудрость, увлекаюсь философией.;φιλοσοφῶ, εῖν;80;φιλοσοφέω;φιλοσοφέω
zkoumám;Я исследую;ἐξ-ετάζω;80;ἐξετάζω;ἐξετάζω
rádce;Советник;ὁ σύμ-βουλος, ου;80;σύμβουλος;σύμβουλος
hledím, pozoruji;я гляжу, наблюдаю;σκοπῶ, εῖν;80;σκοπέω;σκοπέω
jak;как;πῶς;80;πῶς;πῶς
hospodařím, spravuji;Я хозяйствую, я заведую;δι-οικῶ, εῖν;80;διοικέω;διοικέω
= ἐπί τούτοις, ἅ;= ἐπί τούτοις, ἅ;ἐφ᾽οἷς;81;ἐπί;ἐπί
nestoudný;Бесстыдный;ἀν-αιδής 2;81;ἀναιδής;ἀναιδής
Andromaché;Андромаха;ἡ Ἀνδρομάχη, ης;81;Ἀνδρομάχη;Ἀνδρομάχη
slzím, pláči;Я слежусь, я плачу;δακρύω;81;δάκρυον;δάκρυον
bůh delfský;Бог Дельф;ὁ ἐν Δελφοῖς θεός;81;Δελφοί;Δελφοί
prožívám život;Я провожу жизнь;διατελῶ (εῖν) τὸν βίον;81;διατελέω;διατελέω
odplouvám;я отплываю;ἀπο-πλέω;82;ἀποπλέω;ἀποπλέω
Achajové;Ахейцы;οἱ Ἀχαιοί, ῶν;82;Ἀχαιός;Ἀχαιός
rozptyluji;я рассеиваю;δια-σκεδάννυμι;82;διασκεδάννυμι;διασκεδάννυμι
vítr;ветер;ὁ ἄνεμος, ου;82;ἄνεμος;ἄνεμος
severák;северный ветер (борей);ὁ βορρᾶς;82;Βορέας;Βορέας
docela, naprosto;вполне, совершенно;παντάπασι;82;παντάπασι;παντάπασι
spaluji;Я сжигаю;ἀπο-καίω;82;ἀποκαίω;ἀποκαίω
večer;вечер;ἡ ἑσπέρα, ας;82;ἑσπέρα;ἑσπέρα
doplouvám;приплываю;κατα-πλέω;82;κατάπλεος;κατάπλεος
pevnina;суша/земля/материк/континент;ἡ ἤπειρος, ου;82;ἤπειρος;ἤπειρος
číšník (ten, kdo nalévá víno);виночерпий (тот, кто наливает вино);ὁ οἰνοχόος (χέω);82;οἰνοχόος;οἰνοχόος
slušný, způsobný;приличный, благопристойный;εὐ-σχήμων 2;82;εὔσχημος;εὔσχημος
upevňuji;укрепляю/уплотняю;πήγνυμι;82;πήγνυμι;πήγνυμι
nalévám;Я наливаю;ἐγ-χέω;82;ἐγχέω;ἐγχέω
Astyages (médský král);Астиаг (царь Мидии);ὁ Ἀστυάγης, ους;82;Ἀστυάγης;Ἀστυάγης
děd;дед;ὁ πάππος, ου;82;πάππος;πάππος
svěřuji, dovoluji;Я поручаю, я позволяю;ἐπι-τρέπω;82;ἐπιτρέπω;ἐπιτρέπω
třesu se, trnu;Я трясусь, я боюсь;τρέω;82;τρέω;τρέω
přirozené nadání;природный талант;ἡ φύσις, εως;82;φύσις;φύσις
cvičení;Упражнение;ἡ ἄσκησις, εως;82;ἄσκησις;ἄσκησις
vyučování, výchova;преподавание, воспитание;ἡ διδασκαλία, ας;82;διδασκαλία;διδασκαλία
útočiště;Убежище;ἡ καταφυγή, ῆς;82;καταφυγή;καταφυγή
přístav;Порт;ὁ λιμήν, ένος;82;λιμήν;λιμήν
mládí;Молодежь;ἡ νεότης, ητος;82;νεότης;νεότης
Aischylos;Эсхил;ὁ Αἰσχύλος, ου;82;Αἰσχύλος;Αἰσχύλος
dobývám si, získávám (+akuz.);я овладеваю, приобретаю (в акузативе);κτῶμαι, ᾶσθαι (+akuz.);83;κτάομαι;κτάομαι
obcuji s někým;Я общаюсь с кем-то;συν-δια-τρίβω (+dat.);83;συνδιατρίβω;συνδιατρίβω
zevrubný, důkladný, přesný;тщательный, основательный, точный;ἀκριβής 2;83;ἀκριβής;ἀκριβής
zkoumání, zkouška;проверка, испытание;ἡ δοκιμασία, ας;83;δοκιμασία;δοκιμασία
chybuji;я ошибаюсь;ἁμαρτάνω;83;ἁμαρτάνω;ἁμαρτάνω
to, v čem se chybuje, chyby;то, в чём ошибаются, ошибки;τὰ ἁμαρτανόμενα;83;ἁμαρτάνω;ἁμαρτάνω
volnost slova;свобода слова;ἡ παρρησία, ας;83;παρρησία;παρρησία
dobře smýšlím;я хорошего мнения/хорошо отношусь;εὖ φρονῶ, εῖν;83;φρονέω;φρονέω
spolu zkoumám;вместе исследую;συν-δοκιμάζω;83;συνδοκιμάζω;συνδοκιμάζω
jsem v nejistotě, na rozpacích;Я не уверен, я затрудняюсь ответить;ἀμφι-γνοῶ, εῖν;83;ἀμφιγνοέω;ἀμφιγνοέω
prohlížím, zkoumám;Я смотрю, я исследую.;δι-ορῶ, ᾶν;83;διοράω;διοράω
řemeslně;искусно/умело;τέχνῃ;83;τέχνη;τέχνη
ošetřuji, sloužím;Я лечу/забочусь, я служу;θεραπεύω;83;θεραπεύω;θεραπεύω
poznávám;Я познаю;γνωρίζω;83;γνωρίζω;γνωρίζω
jaký;какой, который;ὁποῖος 3;83;ὁποῖος;ὁποῖος
který právě;который именно;ὅσ-περ, ἥ-περ, ὅ-περ;83;ὅσπερ;ὅσπερ
chybuji;я ошибаюсь;ἐξ-αμαρτάνω;83;ἐξαμαρτάνω;ἐξαμαρτάνω
vysedám na koně;Я сажусь на коня;ἀναβαίνω ἐπί τὸν ἵππον;84;ἀναβαίνω;ἀναβαίνω
sestavuji se, seřazuji se;составляюсь, строюсь;συνίσταμαι;84;συνίστημι;συνίστημι
Filoktétes;Филоктет;ὁ Φιλοκτήτης, ου;84;Φιλοκτήτης;Φιλοκτήτης
had;змея;ὁ ὄφις, εως;84;ὄφις;ὄφις
kousám;я кусаю;δάκνω;84;δάκνω;δάκνω
Aigiňan (z Aigíny);Эгинец (из Эгины);ὁ Αἰγινήτης, ου;84;Αἰγινήτης;Αἰγινήτης
vyháním;я выгоняю;ἐξελαύνω;84;ἐξελαύνω;ἐξελαύνω
ženu;я гоню;ἐλαύνω;84;ἐλαύνω;ἐλαύνω
umdlévám;Я изнемогаю;κάμνω;84;κάμνω;κάμνω
Hérodotos;Геродот;ὁ Ἡρόδοτος, ου;84;Ἡρόδοτος;Ἡρόδοτος
Aristagoras (tyran);Аристагор (тиран);ὁ Ἀρισταγόρας, ου;84;Ἀρισταγόρας;Ἀρισταγόρας
deska;доска;ὁ πίναξ, ακος;84;πίναξ;πίναξ
obvod;окружность;ἡ περί-οδος, ου;84;περίοδος;περίοδος
řežu;я режу;τέμνω;84;τέμνω;τέμνω
vyrývám;я выкапываю;ἐντέμνω;84;ἐντέμνω;ἐντέμνω
odpykávám trest (za);Я отбываю наказание (за);δίκην (τινός) τίνω;84;δίκη;δίκη
Odysseus;Одиссей;ὁ Ὀδυσσεύς, έως;84;Ὀδυσσεύς;Ὀδυσσεύς
domů;домой;οἴκαδε;84;οἴκαδε;οἴκαδε
vracím se;Я возвращаюсь;νοστῶ, εῖν;84;νοστέω;νοστέω
zda?;неужели, разве?;ἆρα;84;ἆρα;ἆρα
přicházím;я прихожу;ἀφικνοῦμαι, εῖσθαι;84;ἀφικνέομαι;ἀφικνέομαι
Délos;Делос;ἡ Δῆλος, ου;84;Δῆλος;Δῆλος
ještě ne;ещё нет;οὔπω;84;οὔπω;οὔπω
zvětšuji;увеличиваю;αὐξάνω;85;αὐξάνω;αὐξάνω
zprotivuji se;я проникаюсь враждой;ἀπ-εχθάνομαι;85;ἀπεχθάνομαι;ἀπεχθάνομαι
šetřím (+gen);Я щажу (в генитиве);φείδομαι (+gen);85;φείδομαι;φείδομαι
jsem skryt, zůstávám utajen komu;Я скрыт, я остаюсь незамеченным;λανθάνω (+akuz.);85;λανθάνω;λανθάνω
pracovitý;трудолюбивый;φιλό-πονος 2;85;φιλόπονος;φιλόπονος
plod, odměna;плод, вознаграждение;ὁ καρπός, οῦ;85;καρπός;καρπός
zapomínám (+gen);я забываю (в генитиве);ἐπι-λανθάνομαι (+gen);85;ἐπιλανθάνομαι;ἐπιλανθάνομαι
blaženost, štěstí;блаженство, счастье;ἡ εὐδαιμονία, ας;85;εὐδαιμονία;εὐδαιμονία
pozoruji;Я наблюдаю;αἰσθάνομαι;85;αἰσθάνομαι;αἰσθάνομαι
dovídám se;я узнаю;πυνθάνομαι;85;πυνθάνομαι;πυνθάνομαι
dosahuji, docházím (losem) (+gen);получаю в удел, обретаю (по воле судьбы) (в генитиве);λαγχάνω (+gen);85;λαγχάνω;λαγχάνω
zpozdilý, bláhový;тормознутый, безрассудный;μῶρος 3;86;μωρός;μωρός
trpím;Я страдаю;πάσχω;86;πάσχω;πάσχω
lučištník;лучник;ὁ τοξότης, ου;86;τοξότης;τοξότης
těžce nesu;я тяжело переношу;χαλεπῶς φέρω;86;χαλεπός;χαλεπός
umírám;Я умираю;ἀποθνῄσκω;86;ἀποθνήσκω;ἀποθνήσκω
Thales (filosof);Фалес (философ);Θάλης, ητος;86;Θάλης;Θάλης
nesmyslný;Бессмысленный;παρά-δοξος;86;παράδοξος;παράδοξος
líbím se;нравлюсь;ἀρέσκω;86;ἄρεσκος;ἄρεσκος
prodávám;я продаю;πιπράσκω;86;πιπράσκω;πιπράσκω
nalézám;Я нахожу;εὑρίσκω;86;εὑρίσκω;εὑρίσκω
připomínám komu (akuz.);Я напоминаю кому (в акузативе);ἀνα-μιμνῄσκω (+akuz.);86;ἀναμιμνήσκω;ἀναμιμνήσκω
nestřídmý v (+gen);неумеренный/невоздержанный в чём-то (в генетиве );ἀκρατής 2 (+gen.);86;ἀκρατής;ἀκρατής
dospívám;Я взрослею;ἡβάσκω;86;ἡβάσκω;ἡβάσκω
klid, samota;тишина, одиночество;ἡ ἡσυχία, ας;86;ἡσυχία;ἡσυχία
vycházím;Я выхожу;ἐξ-έρχομαι;86;ἐξέρχομαι;ἐξέρχομαι
který z obou;который с обоих;πότερος 3;86;πότερος;πότερος
zdám se, míním;Я кажусь, я думаю/полагаю/считаю;δοκῶ, εῖν;87;δοκέω;δοκέω
nazývám, volám;я называю, зову;καλῶ, εῖν;87;καλέω;καλέω
strkám, vytlačuji;я толкаю, вытесняю ;ὠθῶ, εῖν;87;ὠθέω;ὠθέω
Artemisia;Артемисия;ἡ Ἀρτεμισία, ας;87;Ἀρτεμισία;Ἀρτεμισία
sdílím se (s někým něco);Я делю (с кем-то что-то);μεταδίδωμι (τινί τινος);87;μεταδίδωμι;μεταδίδωμι
potřebuji, prosím (+gen.);нуждаюсь, прошу (в генитиве);δέομαι (+gen);87;δέομαι;δέομαι
smiřuji se s (dat.);Я мирюсь с (в дативе);δι-αλλάττομαι (+dat.);87;διαλλάσσω;διαλλάσσω
horším se na (dat.);я сержусь на (в дативе);ἄχθομαι (dat.);87;ἄχθομαι;ἄχθομαι
žením se s;женюсь с ;γαμῶ, εῖν (akuz.);87;γαμέω;γαμέω
Héba (bohyně mladosti);Геба (богиня молодости);ἡ Ἥβη, ης;87;Ἥβη;Ἥβη
vyčkávám, čekám na (akuz.);Я выжидаю, жду на (в акузативе).;μένω (akuz.);88;μένω;μένω
dělím, uděluji;Я распределяю, я присуждаю/уделяю;νέμω;88;νέμω;νέμω
rozděluji;Я разделяю;διανέμω;88;διανέμω;διανέμω
Poseidón;Посейдон;ὁ Ποσειδῶν, ῶνος;88;Ποσειδῶν;Ποσειδῶν
plutón;плутон;ὁ Πλούτων, ωνος;88;Πλούτων;Πλούτων
dostávám (od někoho);Я получаю (от кого-то);παρα-λαμβάνω;88;παραλαμβάνω;παραλαμβάνω
nabízím;Я предлагаю;ἐπ-αγγέλλομαι;88;ἐπαγγέλλω;ἐπαγγέλλω
Ariaios;Арией;ὁ Ἀριαῖος, ου;88;Ἀριαῖος;Ἀριαῖος
trůn;Трон;ὁ θρόνος, ου;88;θρόνος;θρόνος
královský;Королевский;βασίλειος 3;88;βασίλειος;βασίλειος
posazuji;Я сажаю;καθίζω;88;καθίζω;καθίζω
otázal jsem se;Я спросил;ἠρόμην (aor.);88;ἔρομαι;ἔρομαι
zdali ne, ne?;неужели не/разве не?;ἆρ᾽οὐ (ἆρα οὐ);88;ἆρα;ἆρα
jsem vinen, zasluhuji si;Я виновен, я заслуживаю;ὀφλισκάνω;88;ὀφλισκάνω;ὀφλισκάνω
lpím na;липну/льну/цепляюсь/придерживаюсь/жадно стремлюсь;γλίχομαι (+gen);88;γλίχομαι;γλίχομαι
jsem povinen (díkem);Я обязанный чем-то кому-то;ὀφείλω (χάριν);88;ὀφέλλω;ὀφέλλω
lituji (+gen.);я сожалею (в генитиве);μετα-μέλει μοι (+gen.);88;μεταμέλομαι;μεταμέλομαι
držím se (+gen.);Я держусь (в генитиве);ἔχομαι (+gen.);89;ἔχω;ἔχω
začínám, jsem po ruce, přítomen;Я начинаю, я под рукой, я присутствую.;ὑπ-άρχω;89;ὑπάρχω;ὑπάρχω
přítomné, skutečné věci, přítomnost;настоящее, реальные вещи, присутствие;τὰ ὑπάρχοντα;89;ὑπάρχω;ὑπάρχω
pouštím (z ruky);Я отпускаю (из/с руки);μεθίημι;89;μεθίημι;μεθίημι
Peisistratos (tyran);Писистрат (тиран);ὁ Πεισίστρατος, ου;89;Πεισίστρατος;Πεισίστρατος
Hippias;Гиппий;ὁ Ἱππίας, ου;89;Ἱππίας;Ἱππίας
poskytuji, zjednávám, s dvojím akuz.: osvědčuji se;предоставляю, вызываю (нанимаю), с двойным аккузативом: проявляю себя;παρ-έχω;89;παρέχω;παρέχω
opatřuji si, přivádím si svědka;обеспечиваю себе, привожу свидетеля;παρ-έχομαι τὸν μάρτυρα;89;παρέχω;παρέχω
sboření, strhnutí;снос, разрушение;ἡ κατα-σκαφή, ῆς;89;κατασκαφή;κατασκαφή
loupení;похищение/грабеж/разбой;ἡ ἁρπαγή, ῆς;89;ἁρπαγή;ἁρπαγή
hostinný přítel;гостеприимный друг;ὁ ξένος, ου;89;ξένος;ξένος
slibuji;Я обещаю;ὑπ-ισχνοῦμαι, εῖσθαι;89;ὑπισχνέομαι;ὑπισχνέομαι
následuji (někoho), přidržuji se (k někomu);следовать (за кем-то), следую (кому-то);ἐφ-έπομαι (τινὶ);89;ἐφέπω;ἐφέπω
stříbro;серебро;τὸ ἀργύριον, ου;89;ἀργύριον;ἀργύριον
mina, peněžní hodnota;мина, денежная единица;ἡ μνᾶ, μνᾶς;89;μνᾶ;μνᾶ
jakmile;как только;ἐπάν (=ἐπειδάν);89;ἐπάν;ἐπάν
Babylón;Вавилон;ἡ Βαβυλών, ῶνος;89;Βαβυλών;Βαβυλών
přicházím, přišel jsem, jsem tu;я прихожу, я пришел, я тут;ἥκω;89;ἥκω;ἥκω
zřejmý, zjevný, patrný;ясный, явный, очевидный;δῆλος 3;89;δῆλος;δῆλος
zdali ... či ne;ли... или нет;πότερον ... ἤ οὔ;89;πότερος;πότερος
Menón;Менон;ὁ Μένων, ωνος;89;Μένων;Μένων
kalich (dvouuchý), pohár, číše;чаша, кубок, бокал;ἡ κύλιξ, ικος;90;κύλιξ;κύλιξ
klidný;спокойный;εὔ-κολος 2;90;εὔκολος;εὔκολος
jed;яд;τὸ φάρμακον, ου;90;φάρμακον;φάρμακον
vypíjím;я выпиваю;ἐκ-πίνω;90;ἐκπίνω;ἐκπίνω
duch, mysl;дух, мысли;ὁ θυμός, οῦ;90;θυμός;θυμός
padám;Я падаю;πίπτω;90;πίπτω;πίπτω
kazím, podplácím, uplacím;я развращаю, подкупаю;δια-φθείρω;90;διαφθείρω;διαφθείρω
upadám (do něčeho);Я впадаю (во что-то);περι-πίπτω (τινὶ);90;περιπίπτω;περιπίπτω
pozoruji, uvažuji;Я наблюдаю, я размышляю;σκοπῶ, εῖν (i v med.);90;σκοπέω;σκοπέω
od (+gen);от (в генитиве);παρά (+gen);90;παρά;παρά
mohu (+inf.);Я могу (+ инфинитив);ἔχω (+inf.);90;ἔχω;ἔχω
neučený, nevědomý;неученый, невежественный;ἀμαθής 2;90;ἀμαθής;ἀμαθής
škoda;вред/ущерб;ἡ βλάβη, ης;90;βλάβη;βλάβη
třicet tyrannů;тридцать тиранов;οἱ τριάκοντα (τύραννοι);90;τριάκοντα;τριάκοντα
beru, chytám, zajímám, vybírám, volím;Я беру, я ловлю, я завладеваю, я выбираю, я избираю;αἱρῶ, εῖν;90;αἱρέω;αἱρέω
volím si;Я выбираю/избираю;αἱροῦμαι, εῖσθαι;90;αἱρέω;αἱρέω
strhuji, bořím;разрушаю, сношу;καθαιρῶ, εῖν;90;καθαιρέω;καθαιρέω
odstraňuji, ničím, usmrcuji;убираю (устраняю), уничтожаю, умерщвляю;ἀναιρῶ, εῖν;90;ἀναιρέω;ἀναιρέω
Cheirisofos, řecký vůdce;Хирисоф, греческий военачальник;ὁ Χειρίσοφος, ου;90;Χειρίσοφος;Χειρίσοφος
velitel, vůdce;начальник, вождь;ὁ ἄρχων, ἄρχοντος;90;ἄρχων;ἄρχων
tak veliký, v pl. tolik;столь большой, в плурале (мн. ч.) такой (tolik = столько);τοσοῦτος, τοσαύτη, τοσοῦτο(ν);90;τοσοῦτος;τοσοῦτος
sluší se, přísluší, je povinnost;приличествует/подобает, надлежит, это обязанность;προσ-ήκει;90;προσήκω;προσήκω
Amazonka;Амазонка;ἡ Ἀμαζών, όνος;91;Ἀμαζών;Ἀμαζών
že;что;ὡς (=ὅτι);91;ὡς;ὡς
zpět;назад/обратно;πάλιν;91;πάλιν;πάλιν
odcházím, vracím se;Я ухожу, я возвращаюсь.;ἀπ-έρχομαι;91;ἀπέρχομαι;ἀπέρχομαι
tedy;поэтому/итак/стало-быть;τοίνυν;91;τοίνυν;τοίνυν
předcházím, předstupuji;опережать/обгонять, выступать (об ораторах);παρ-έρχομαι;91;παρέρχομαι;παρέρχομαι
Sófroniskos (otec Sokrata);Софрониск (отец Сократа);ὁ Σωφρονίσκος;91;Σωφρονίσκος;Σωφρονίσκος
spatřuji;Я увидаю/вижу;καθ-ορῶ, ᾶν;91;καθοράω;καθοράω
propouštím, nechávám minouti;я пропускаю, я позволяю/даю пропустить;παρ-ίημι;91;παρίημι;παρίημι
odbíhám, (pryč) utíkám);убегаю, бежу прочь;ἀπο-τρέχω;91;ἀποτρέχω;ἀποτρέχω
rámě, plece;плечо;ὁ ὦμος, ὤμου;91;ὦμος;ὦμος
vynáším;я выношу/вынашиваю;ἐκ-φέρω;91;ἐκφέρω;ἐκφέρω
vojenský, válečný (spolek);военный (воинский), военный блок/союз;ἡ ὁμαιχμία, ας;91;ὁμαιχμία;ὁμαιχμία
později;Позже;ἔπειτα;91;ἔπειτα;ἔπειτα
roznáším, rozdvojuji;я разношу, раздваиваю;δια-φέρω;91;διαφέρω;διαφέρω
rozdvojuji se, různím se, svářím se;я раздваиваюсь, расхожусь, спорю;δια-φέρομαι;91;διαφέρω;διαφέρω
téměř, skoro (vše), asi;почти, почти (все), приблизительно;σχεδόν;91;σχεδόν;σχεδόν
jídlo, potravina;еда, продовольствие;τὸ σιτίον (= ὁ σῖτος);91;σιτίον;σιτίον
nápoj;напиток;τὸ ποτόν, οῦ;91;ποτόν;ποτόν
jím;я ем;ἐσθίω;91;ἐσθίω;ἐσθίω
způsobilý k pití;пригодный для питья;ποτέος (adv. verbální k πίνω) 3;91;ποτέος;ποτέος
vlaštovka;Ласточка;ἡ χελιδών, όνος;91;χελιδών;χελιδών
(roční) doba, období, jaro;время года, период, весна;ἡ ὥρα, ας;91;ὥρα;ὥρα
rok, čas;год, время;ὁ ἐνιαυτός, οῦ;91;ἐνιαυτός;ἐνιαυτός
záda, hřbet (obyčejně v pl.);спина, хребет (обычно в плурале (мн.ч.));τὸ νῶτον, ου;91;νῶτον;νῶτον
na (kde?) (+akuz.);на (где?) (в акуз.);ἐπί (+akuz.);91;ἐπί;ἐπί
břicho, bříško;живот, животик;ἡ γαστήρ, τρός;91;γαστήρ;γαστήρ
myš;мышь;ὁ μῦς, μυός;92;μῦς;μῦς
ústa, tlama;рот/уста, пасть;τὸ στόμα, ατος;92;στόμα;στόμα
vbíhám;я вбегаю/прибегаю;ἐπι-τρέχω;92;ἐπιτρέχω;ἐπιτρέχω
polapuji, chytám;я схвачиваю, ловлю;συλ-λαμβάνω;92;συλλαμβάνω;συλλαμβάνω
prokazuji vděčnost, vzdávám dík;Я выражаю благодарность, я приношу благодарю;τίνω χάριν;92;τίνω;τίνω
směji se, usmívám se;Я смеюсь, я улыбаюсь.;γελῶ, ᾶν;92;γελάω;γελάω
zanedlouho potom;вскоре после этого;ὀλίγῳ χρόνῳ ὕστερον;92;ὀλίγος;ὀλίγος
lovec;охотник/зверолов;ὁ κυνηγός, οῦ;92;κυνηγός;κυνηγός
lano, provaz (att. deklinace);канат, верёвка/бечёвка (аттическое склонение);ὁ κάλως, κάλω;92;κάλως;κάλως
u, k (+dat.);у, к (в дативе);ἐπί (+dat.);92;ἐπί;ἐπί
tehdy, tenkráte;тогда, в это время;τηνικαῦτα;92;τηνικαῦτα;τηνικαῦτα
sténám, vzdychám;стону, вздыхаю;στένω;92;στένω;στένω
přibíhám;я прибегаю;προσ-τρέχω;92;προστρέχω;προστρέχω
ohryzuji, ohlodávám;обгрызаю, обгладываю;περι-τρώγω;92;περιτρώγω;περιτρώγω
vysmívám se (+gen);я осмеиваю/насмехаюсь (в генитиве);καταγελῶ, ᾶν (+gen.);92;καταγελάω;καταγελάω
odplata;возмездие/воздаяние/отплата/награда/благодарность;ἡ ἀμοιβή, ῆς;92;ἀμοιβή;ἀμοιβή
odnáším, med. odnáším si, dostávám;"я уношу; в медиуме добываю себе, получаю";κομίζω;92;κομίζω;κομίζω
